[
  {
    "en": "spark",
    "jp": "□ □ □ □ □ □"
  },
  {
    "en": "strictly",
    "jp": "□ □ □ □ □ □"
  },
  {
    "en": "hang on",
    "jp": "□ □ □ □ □ □"
  },
  {
    "en": "sympathetic",
    "jp": "□ □ □ □ □ □"
  },
  {
    "en": "chimney",
    "jp": "□ □ □ □ □ □"
  },
  {
    "en": "bark",
    "jp": "□ □ □ □"
  },
  {
    "en": "loyalty",
    "jp": "□ □ □ □"
  },
  {
    "en": "invade",
    "jp": "□ □ □ □"
  },
  {
    "en": "map out",
    "jp": "□ □ 画する,地図に精密に示す □ □"
  },
  {
    "en": "meantime",
    "jp": "□ □ □ □ □ □"
  },
  {
    "en": "sturdy",
    "jp": "□ □ □ □ □ □"
  },
  {
    "en": "silence",
    "jp": "□ □ □ □ □ □"
  },
  {
    "en": "nasty",
    "jp": "□ □ □ □ □ □"
  },
  {
    "en": "ugly",
    "jp": "□ □ □ □ きつけられる □ □"
  },
  {
    "en": "leap in",
    "jp": "□ □ くり返し思い出すこと □ □ 記憶定着|QRコード|すぐ確認"
  },
  {
    "en": "spite",
    "jp": "□ □ □ □"
  },
  {
    "en": "reception",
    "jp": "□ □ 聞き流して覚える □ □"
  },
  {
    "en": "capacity",
    "jp": "□ □ □ □"
  },
  {
    "en": "tuck in",
    "jp": "□ □ □ □ ©英語漬け.com(えいぷら)2024"
  },
  {
    "en": "beggar",
    "jp": "□ □ □ □ □ □"
  },
  {
    "en": "stabilize",
    "jp": "□ □ □ □ □ □"
  },
  {
    "en": "water down",
    "jp": "□ □ □ □ □ □"
  },
  {
    "en": "phase out",
    "jp": "□ □ □ る □ □ □"
  },
  {
    "en": "replacement",
    "jp": "□ □ □ □ □ □"
  },
  {
    "en": "what is more",
    "jp": "□ □ くり返し思い出すこと □ にする □ 記憶定着|QRコード|すぐ確認"
  },
  {
    "en": "container",
    "jp": "□ □ □ □"
  },
  {
    "en": "jealous",
    "jp": "□ □ 聞き流して覚える □ □"
  },
  {
    "en": "tutor",
    "jp": "□ □ □ □"
  },
  {
    "en": "in substance",
    "jp": "□ □ □ □ ©英語漬け.com(えいぷら)2024"
  },
  {
    "en": "fortunately",
    "jp": "□ □ □ □ □ □"
  },
  {
    "en": "vanish",
    "jp": "□ □ □ □ □ □"
  },
  {
    "en": "atom",
    "jp": "□ □ □ □ □ □"
  },
  {
    "en": "sincere",
    "jp": "□ □ □ □ □ □"
  },
  {
    "en": "convention",
    "jp": "□ □ □ □ □ □"
  },
  {
    "en": "glorify",
    "jp": "□ □ くり返し思い出すこと □ □ 記憶定着|QRコード|すぐ確認"
  },
  {
    "en": "atlas",
    "jp": "□ □ □ □"
  },
  {
    "en": "invention",
    "jp": "□ □ 聞き流して覚える □ □"
  },
  {
    "en": "go astray",
    "jp": "□ □ □ □"
  },
  {
    "en": "freezer",
    "jp": "□ □ □ □ □ □"
  },
  {
    "en": "filament",
    "jp": "□ □ □ □ □ □"
  },
  {
    "en": "injure",
    "jp": "□ □ □ □ □ □"
  },
  {
    "en": "weep",
    "jp": "□ □ □ □ □ □"
  },
  {
    "en": "baggage",
    "jp": "□ □ □ □ □ □"
  },
  {
    "en": "endless",
    "jp": "□ □ くり返し思い出すこと □ □ 記憶定着|QRコード|すぐ確認"
  },
  {
    "en": "give off",
    "jp": "□ □ □ □"
  },
  {
    "en": "contend with",
    "jp": "□ □ 聞き流して覚える □ □"
  },
  {
    "en": "instance",
    "jp": "□ □ □ □"
  },
  {
    "en": "miserly",
    "jp": "□ □ □ 乗り越える □ ©英語漬け.com(えいぷら)2024"
  },
  {
    "en": "scoop up",
    "jp": "□ □ □ □ □ □"
  },
  {
    "en": "rub in",
    "jp": "□ □ □ □ □ □"
  },
  {
    "en": "screw",
    "jp": "□ □ □ □ □ □"
  },
  {
    "en": "moustache",
    "jp": "□ □ □ □ □ □"
  },
  {
    "en": "technological",
    "jp": "□ □ □ □ □ □"
  },
  {
    "en": "flour",
    "jp": "□ □ くり返し思い出すこと □ □ 記憶定着|QRコード|すぐ確認"
  },
  {
    "en": "grain",
    "jp": "□ □ □ □"
  },
  {
    "en": "crush",
    "jp": "□ □ 聞き流して覚える □ □"
  },
  {
    "en": "temple",
    "jp": "□ □ □ □"
  },
  {
    "en": "abuse",
    "jp": "□ □ □ □ ©英語漬け.com(えいぷら)2024"
  },
  {
    "en": "efficiency",
    "jp": "□ □ □ □ □ □"
  },
  {
    "en": "in the concrete",
    "jp": "□ □ □ □ □ □"
  },
  {
    "en": "competitor",
    "jp": "□"
  },
  {
    "en": "equate A with B",
    "jp": "□"
  },
  {
    "en": "commerce",
    "jp": "□"
  },
  {
    "en": "drag on",
    "jp": "□ □ □ □ □ □"
  },
  {
    "en": "differ",
    "jp": "□ □ □ □ □ □"
  },
  {
    "en": "formerly",
    "jp": "□ □ □ □ □ な方法 □"
  },
  {
    "en": "pertain to",
    "jp": "□ □ くり返し思い出すこと □ □ 記憶定着|QRコード|すぐ確認"
  },
  {
    "en": "lie on",
    "jp": "□ □ になる □ □"
  },
  {
    "en": "adjustment",
    "jp": "□ □ 聞き流して覚える □ □"
  },
  {
    "en": "artistic",
    "jp": "□ □ □ 分け前 □"
  },
  {
    "en": "boil down to",
    "jp": "□ □ □ □ ©英語漬け.com(えいぷら)2024"
  },
  {
    "en": "restrain",
    "jp": "□ □ □ □ □ □"
  },
  {
    "en": "pass off",
    "jp": "□ □ □ □ □ □"
  },
  {
    "en": "fall in with",
    "jp": "□ □ □ □ □ □"
  },
  {
    "en": "coward",
    "jp": "□ □ □ □ □ □"
  },
  {
    "en": "kidnap",
    "jp": "□ □ □ □ □ □"
  },
  {
    "en": "porter",
    "jp": "□ □ くり返し思い出すこと □ Bを素晴らしいと思う □ 記憶定着|QRコード|すぐ確認"
  },
  {
    "en": "faithful",
    "jp": "□"
  },
  {
    "en": "bestow A on B",
    "jp": "□ 3回思い出せば記憶に定着します"
  },
  {
    "en": "hollow",
    "jp": "□ □ □ □"
  },
  {
    "en": "after all",
    "jp": "□ □ 聞き流して覚える □ □"
  },
  {
    "en": "limb",
    "jp": "□ □ □ □"
  },
  {
    "en": "prosperity",
    "jp": "□ □ □ □ ©英語漬け.com(えいぷら)2024"
  },
  {
    "en": "pronounce",
    "jp": "□ □ □ □ □ □"
  },
  {
    "en": "saucer",
    "jp": "□ □ □ □ □ □"
  },
  {
    "en": "despair",
    "jp": "□ □ □ □ □ □"
  },
  {
    "en": "glory",
    "jp": "□ □ □ □ □ □"
  },
  {
    "en": "faint",
    "jp": "□ □ □ □ □ □"
  },
  {
    "en": "chew",
    "jp": "□ □ くり返し思い出すこと □ □ 記憶定着|QRコード|すぐ確認"
  },
  {
    "en": "scholarship",
    "jp": "□ □ □ □"
  },
  {
    "en": "fatal",
    "jp": "□ □ 聞き流して覚える □ □"
  },
  {
    "en": "deceive",
    "jp": "□ □ □ □"
  },
  {
    "en": "salty",
    "jp": "□ □ □ □ ©英語漬け.com(えいぷら)2024"
  },
  {
    "en": "thoroughly",
    "jp": "□ □ □ □ □ □"
  },
  {
    "en": "cast off",
    "jp": "□ □ □ □ □ □"
  },
  {
    "en": "marvelous",
    "jp": "□ □ □ □ □ □"
  },
  {
    "en": "injured",
    "jp": "□ □ □ □ □ □"
  },
  {
    "en": "merrily",
    "jp": "□ □ くり返し思い出すこと □ □ 記憶定着|QRコード|すぐ確認"
  },
  {
    "en": "in exchange",
    "jp": "□ □ □ る □"
  },
  {
    "en": "hillside",
    "jp": "□ □ 聞き流して覚える □ □"
  },
  {
    "en": "margin",
    "jp": "□ □ □ □"
  },
  {
    "en": "swift",
    "jp": "□ □ □ て □ ©英語漬け.com(えいぷら)2024"
  },
  {
    "en": "capitalism",
    "jp": "□ □ □ □ □ □"
  },
  {
    "en": "sparkle",
    "jp": "□ □ □ □ □ □"
  },
  {
    "en": "pinch",
    "jp": "□ □ □ □ □ □"
  },
  {
    "en": "attain",
    "jp": "□ □ □ □ る,採取して利用する □ □"
  },
  {
    "en": "emotionally",
    "jp": "□ □ □ □ □ □"
  },
  {
    "en": "all told",
    "jp": "□ □ くり返し思い出すこと □ □ 記憶定着|QRコード|すぐ確認"
  },
  {
    "en": "grind",
    "jp": "□ □ □ □"
  },
  {
    "en": "plow",
    "jp": "□ □ 聞き流して覚える □ □"
  },
  {
    "en": "conceive",
    "jp": "□ □ □ □"
  },
  {
    "en": "disgusting",
    "jp": "□ □ □ □ ©英語漬け.com(えいぷら)2024"
  },
  {
    "en": "sole",
    "jp": "□ □ □ □ □ □"
  },
  {
    "en": "obedience",
    "jp": "□ □ □ □ □ □"
  },
  {
    "en": "furnish",
    "jp": "□ □ □ □ □ □"
  },
  {
    "en": "appreciation",
    "jp": "□ □ □ □ □ □"
  },
  {
    "en": "rosy",
    "jp": "□ □ □ □ □ □"
  },
  {
    "en": "get wet to the skin",
    "jp": "□ □ くり返し思い出すこと になる □ □ 記憶定着|QRコード|すぐ確認"
  },
  {
    "en": "least of all",
    "jp": "□ □ □ □"
  },
  {
    "en": "brutal",
    "jp": "□ □ 聞き流して覚える □ □"
  },
  {
    "en": "consult",
    "jp": "□ □ □ □"
  },
  {
    "en": "cunning",
    "jp": "□ □ □ □ ©英語漬け.com(えいぷら)2024"
  },
  {
    "en": "anticipate",
    "jp": "□ □ □ □ □ □"
  },
  {
    "en": "volcano",
    "jp": "□ □ □ □ く □ □"
  },
  {
    "en": "sleep over",
    "jp": "□ □ □ □ □ □"
  },
  {
    "en": "flexible",
    "jp": "□ □ □ □ □ □"
  },
  {
    "en": "eagerly",
    "jp": "□ □ □ □ □ □"
  },
  {
    "en": "rule out",
    "jp": "□ □ くり返し思い出すこと □ □ 記憶定着|QRコード|すぐ確認"
  },
  {
    "en": "modify",
    "jp": "□ □ □ □"
  },
  {
    "en": "scary",
    "jp": "□ □ 聞き流して覚える □ □"
  },
  {
    "en": "comprehension",
    "jp": "□ □ □ □"
  },
  {
    "en": "irony",
    "jp": "□ □ □ □ ©英語漬け.com(えいぷら)2024"
  },
  {
    "en": "in token of",
    "jp": "□ □ □ □ □ □"
  },
  {
    "en": "sprinkle",
    "jp": "□ □ □ □ る □ □"
  },
  {
    "en": "with open arms",
    "jp": "□ □ □ □ □ □"
  },
  {
    "en": "fetch",
    "jp": "□ □ □ □ □ □"
  },
  {
    "en": "consensus",
    "jp": "□ □ □ □ □ □"
  },
  {
    "en": "resign",
    "jp": "□ □ □ □"
  },
  {
    "en": "oriental",
    "jp": "□ □ □ □"
  },
  {
    "en": "dissolve",
    "jp": "□ □ □ □"
  },
  {
    "en": "immensely",
    "jp": "□ □ □ □ □ □"
  },
  {
    "en": "promptly",
    "jp": "□ □ □ □ □ □"
  },
  {
    "en": "cover for",
    "jp": "□ □ □ □ □ □"
  },
  {
    "en": "freshman",
    "jp": "□ □ □ □ □ □"
  },
  {
    "en": "dim",
    "jp": "□ □ □ □ □ □"
  },
  {
    "en": "brush off",
    "jp": "□ □ くり返し思い出すこと 拒否する □ □ 記憶定着|QRコード|すぐ確認"
  },
  {
    "en": "colonial",
    "jp": "□ □ □ □"
  },
  {
    "en": "arithmetic",
    "jp": "□ □ 聞き流して覚える □ □"
  },
  {
    "en": "currency",
    "jp": "□ □ □ □"
  },
  {
    "en": "calculation",
    "jp": "□ □ □ □ ©英語漬け.com(えいぷら)2024"
  },
  {
    "en": "steer",
    "jp": "□ □ □ □ □ □"
  },
  {
    "en": "erect",
    "jp": "□ □ □ □ □ □"
  },
  {
    "en": "bug",
    "jp": "□ □ □ □ □ □"
  },
  {
    "en": "cathedral",
    "jp": "□ □ □ □ □ □"
  },
  {
    "en": "slap",
    "jp": "□ □ □ □ □ □"
  },
  {
    "en": "separation",
    "jp": "□ □ くり返し思い出すこと □ □ 記憶定着|QRコード|すぐ確認"
  },
  {
    "en": "dye",
    "jp": "□ □ □ □"
  },
  {
    "en": "swell",
    "jp": "□ □ 聞き流して覚える □ □"
  },
  {
    "en": "organic",
    "jp": "□ □ □ □"
  },
  {
    "en": "for the good of",
    "jp": "□ □ □ □ ©英語漬け.com(えいぷら)2024"
  },
  {
    "en": "uncommon",
    "jp": "□ □ □ □ □ □"
  },
  {
    "en": "punctual",
    "jp": "□ □ □ □ □ □"
  },
  {
    "en": "abound in",
    "jp": "□ □ □ □ □ □"
  },
  {
    "en": "twinkle",
    "jp": "□ □ □ □ □ □"
  },
  {
    "en": "howl",
    "jp": "□ □ □ □ □ □"
  },
  {
    "en": "greenhouse",
    "jp": "□ □ くり返し思い出すこと □ □ 記憶定着|QRコード|すぐ確認"
  },
  {
    "en": "flatter",
    "jp": "□ □ □ □"
  },
  {
    "en": "inhabit",
    "jp": "□ □ 聞き流して覚える □ □"
  },
  {
    "en": "psychology",
    "jp": "□ □ □ □"
  },
  {
    "en": "prudent",
    "jp": "□ □ □ □ ©英語漬け.com(えいぷら)2024"
  },
  {
    "en": "in anticipation of",
    "jp": "□ □ □ □ □ □"
  },
  {
    "en": "cradle",
    "jp": "□ □ □ □ □ □"
  },
  {
    "en": "foam",
    "jp": "□ □ □ □ □ □"
  },
  {
    "en": "disgrace",
    "jp": "□ □ □ □ □ □"
  },
  {
    "en": "disappointed",
    "jp": "□ □ □ □ □ □"
  },
  {
    "en": "throne",
    "jp": "□ □ くり返し思い出すこと □ □ 記憶定着|QRコード|すぐ確認"
  },
  {
    "en": "accommodation",
    "jp": "□ □ □ さずにいる □"
  },
  {
    "en": "architect",
    "jp": "□ □ 聞き流して覚える □ □"
  },
  {
    "en": "mummy",
    "jp": "□ □ □ □"
  },
  {
    "en": "impatient",
    "jp": "□ □ □ □ ©英語漬け.com(えいぷら)2024"
  },
  {
    "en": "portray",
    "jp": "□ □ □ □ □ □"
  },
  {
    "en": "remarkably",
    "jp": "□ □ □ □ □ □"
  },
  {
    "en": "revive",
    "jp": "□ □ □ □ □ □"
  },
  {
    "en": "far cry from",
    "jp": "□ □ □ い □ □ □"
  },
  {
    "en": "incredible",
    "jp": "□ □ □ □ □ □"
  },
  {
    "en": "consent",
    "jp": "□ □ くり返し思い出すこと □ □ 記憶定着|QRコード|すぐ確認"
  },
  {
    "en": "send in",
    "jp": "□ □ □ □"
  },
  {
    "en": "idiot",
    "jp": "□ □ 聞き流して覚える □ □"
  },
  {
    "en": "provincial",
    "jp": "□ □ □ □"
  },
  {
    "en": "mentally",
    "jp": "□ □ □ □ ©英語漬け.com(えいぷら)2024"
  },
  {
    "en": "intensity",
    "jp": "□ □ □ □ □ している □"
  },
  {
    "en": "exert oneself to",
    "jp": "□ □ □ めに尽力する □ □ □"
  },
  {
    "en": "sway",
    "jp": "□ □ □ □ □ □"
  },
  {
    "en": "probe",
    "jp": "□ □ □ □ □ □"
  },
  {
    "en": "fuzzy",
    "jp": "□ □ □ □ □ □"
  },
  {
    "en": "rebellion",
    "jp": "□ □ くり返し思い出すこと □ □ 記憶定着|QRコード|すぐ確認"
  },
  {
    "en": "lay down",
    "jp": "□ □ □ □"
  },
  {
    "en": "nobility",
    "jp": "□ □ 聞き流して覚える □ □"
  },
  {
    "en": "think out",
    "jp": "□ □ □ □"
  },
  {
    "en": "chairperson",
    "jp": "□ □ □ □ ©英語漬け.com(えいぷら)2024"
  },
  {
    "en": "attentive",
    "jp": "□ □ □ □ 対視する □ □"
  },
  {
    "en": "mock",
    "jp": "□ □ □ □ □ □"
  },
  {
    "en": "receptionist",
    "jp": "□ □ □ □ □ □"
  },
  {
    "en": "prey",
    "jp": "□ □ □ □ □ □"
  },
  {
    "en": "solitary",
    "jp": "□ □ □ □ □ □"
  },
  {
    "en": "cue",
    "jp": "□ □ くり返し思い出すこと □ □ 記憶定着|QRコード|すぐ確認"
  },
  {
    "en": "councilor",
    "jp": "□ □ □ □"
  },
  {
    "en": "federation",
    "jp": "□ □ 聞き流して覚える □ □"
  },
  {
    "en": "inexpensive",
    "jp": "□ □ □ □"
  },
  {
    "en": "multitude",
    "jp": "□ □ □ □ ©英語漬け.com(えいぷら)2024"
  },
  {
    "en": "astronaut",
    "jp": "□ □ □ □ □ □"
  },
  {
    "en": "pregnancy",
    "jp": "□ □ □ □ □ □"
  },
  {
    "en": "haunt",
    "jp": "□ □ □ □ □ □"
  },
  {
    "en": "outskirt",
    "jp": "□ □ □ □ □ □"
  },
  {
    "en": "behind the scenes",
    "jp": "□ □ □ □ □ □"
  },
  {
    "en": "genetic",
    "jp": "□ □ くり返し思い出すこと □ □ 記憶定着|QRコード|すぐ確認"
  },
  {
    "en": "spectacular",
    "jp": "□ □ □ せる □"
  },
  {
    "en": "villa",
    "jp": "□ □ 聞き流して覚える □ □"
  },
  {
    "en": "crook",
    "jp": "□ □ □ □"
  },
  {
    "en": "coarse",
    "jp": "□ □ □ □ ©英語漬け.com(えいぷら)2024"
  },
  {
    "en": "alongside",
    "jp": "□ □ □ □ □ □"
  },
  {
    "en": "monopoly",
    "jp": "□ □ □ □ □ □"
  },
  {
    "en": "strip A of B",
    "jp": "□ □ □ □ □ □"
  },
  {
    "en": "utilize",
    "jp": "□ □ □ □ □ □"
  },
  {
    "en": "withdrawal",
    "jp": "□ □ □ □ □ □"
  },
  {
    "en": "disclose",
    "jp": "□"
  },
  {
    "en": "hail from",
    "jp": "□"
  },
  {
    "en": "puppet",
    "jp": "□ □ くり返し思い出すこと □ □ 記憶定着|QRコード|すぐ確認"
  },
  {
    "en": "provoke",
    "jp": "□ □ □ □"
  },
  {
    "en": "stony",
    "jp": "□ □ 聞き流して覚える □ □"
  },
  {
    "en": "gun for",
    "jp": "□ □ □ □"
  },
  {
    "en": "regain",
    "jp": "□ □ □ □ ©英語漬け.com(えいぷら)2024"
  },
  {
    "en": "outsider",
    "jp": "□ □ □ □ □ □"
  },
  {
    "en": "as a last resort",
    "jp": "□ □ □ まって □ □ □"
  },
  {
    "en": "head over heels",
    "jp": "□ □ □ □ □ □"
  },
  {
    "en": "peck",
    "jp": "□ □ □ □ □ □"
  },
  {
    "en": "be weary of",
    "jp": "□ □ □ □ □ □"
  },
  {
    "en": "resemblance",
    "jp": "□ □ くり返し思い出すこと □ □ 記憶定着|QRコード|すぐ確認"
  },
  {
    "en": "plague",
    "jp": "□ □ □ □"
  },
  {
    "en": "importantly",
    "jp": "□ □ □ □"
  },
  {
    "en": "insert",
    "jp": "□ □ □ □ ©英語漬け.com(えいぷら)2024"
  },
  {
    "en": "classify",
    "jp": "□ □ □ □ □ □"
  },
  {
    "en": "cooperate",
    "jp": "□ □ □ □ □ □"
  },
  {
    "en": "frustrate",
    "jp": "□ □ □ □ □ □"
  },
  {
    "en": "step down",
    "jp": "□ □ □ □ □ □"
  },
  {
    "en": "donation",
    "jp": "□ □ □ □ る □ □"
  },
  {
    "en": "librarian",
    "jp": "□ □ くり返し思い出すこと □ □ 記憶定着|QRコード|すぐ確認"
  },
  {
    "en": "authorize",
    "jp": "□ □ □ □"
  },
  {
    "en": "marvel",
    "jp": "□ □ 聞き流して覚える □ □"
  },
  {
    "en": "transmission",
    "jp": "□ □ □ □"
  },
  {
    "en": "endeavor",
    "jp": "□ □ □ □ ©英語漬け.com(えいぷら)2024"
  },
  {
    "en": "fable",
    "jp": "□ □ □ □ □ □"
  },
  {
    "en": "bribe",
    "jp": "□ □ □ □ □ □"
  },
  {
    "en": "go against",
    "jp": "□ □ □ に □ □ □"
  },
  {
    "en": "roll up",
    "jp": "□ □ □ □ □ □"
  },
  {
    "en": "come down to",
    "jp": "□ □ □ □ □ □"
  },
  {
    "en": "hence",
    "jp": "□ □ くり返し思い出すこと □ □ 記憶定着|QRコード|すぐ確認"
  },
  {
    "en": "stool",
    "jp": "□ □ □ □"
  },
  {
    "en": "mislead",
    "jp": "□ □ 聞き流して覚える □ □"
  },
  {
    "en": "as it stands",
    "jp": "□ □ □ □"
  },
  {
    "en": "cross out",
    "jp": "□ □ □ □ ©英語漬け.com(えいぷら)2024"
  },
  {
    "en": "trivial",
    "jp": "□ □ □ □ □ □"
  },
  {
    "en": "oval",
    "jp": "□ □ □ □ □ □"
  },
  {
    "en": "vowel",
    "jp": "□ □ □ □ □ □"
  },
  {
    "en": "exaggeration",
    "jp": "□ □ □ □ □ □"
  },
  {
    "en": "render",
    "jp": "□ □ □ □ □ □"
  },
  {
    "en": "maiden",
    "jp": "□ □ くり返し思い出すこと □ □ 記憶定着|QRコード|すぐ確認"
  },
  {
    "en": "murderer",
    "jp": "□ □ □ □"
  },
  {
    "en": "on the run",
    "jp": "□ □ 聞き流して覚える □ □"
  },
  {
    "en": "grammatical",
    "jp": "□ □ □ □"
  },
  {
    "en": "paradox",
    "jp": "□ □ □ □ ©英語漬け.com(えいぷら)2024"
  },
  {
    "en": "parliamentary",
    "jp": "□ □ □ □ □ □"
  },
  {
    "en": "ape",
    "jp": "□ □ □ □ □ □"
  },
  {
    "en": "moderately",
    "jp": "□ □ □ □ □ □"
  },
  {
    "en": "persist",
    "jp": "□ □ □ □ □ □"
  },
  {
    "en": "herb",
    "jp": "□ □ □ □ □ □"
  },
  {
    "en": "fossil",
    "jp": "□ □ くり返し思い出すこと □ □ 記憶定着|QRコード|すぐ確認"
  },
  {
    "en": "earnestly",
    "jp": "□ □ □ □"
  },
  {
    "en": "violation",
    "jp": "□ □ 聞き流して覚える □ □"
  },
  {
    "en": "cartoon",
    "jp": "□ □ □ □"
  },
  {
    "en": "compulsory",
    "jp": "□ □ □ □ ©英語漬け.com(えいぷら)2024"
  },
  {
    "en": "reap",
    "jp": "□ □ □ □ □ □"
  },
  {
    "en": "divine",
    "jp": "□ □ □ □ □ □"
  },
  {
    "en": "bleach",
    "jp": "□ □ □ □ □ □"
  },
  {
    "en": "administrator",
    "jp": "□ □ □ □ □ □"
  },
  {
    "en": "seaweed",
    "jp": "□ □ □ □ □ □"
  },
  {
    "en": "purity",
    "jp": "□ □ くり返し思い出すこと □ □ 記憶定着|QRコード|すぐ確認"
  },
  {
    "en": "lasting",
    "jp": "□ □ □ □"
  },
  {
    "en": "broom",
    "jp": "□ □ 聞き流して覚える □ □"
  },
  {
    "en": "manly",
    "jp": "□ □ □ □"
  },
  {
    "en": "a range of",
    "jp": "□ □ □ □ ©英語漬け.com(えいぷら)2024"
  },
  {
    "en": "dual citizenship",
    "jp": "□ □ □ □ □ □"
  },
  {
    "en": "lieutenant",
    "jp": "□ □ □ □ □ □"
  },
  {
    "en": "weird",
    "jp": "□ □ □ □ □ □"
  },
  {
    "en": "halve",
    "jp": "□ □ □ □ □ □"
  },
  {
    "en": "concession",
    "jp": "□ □ □ □ □ □"
  },
  {
    "en": "botanical",
    "jp": "□ □ くり返し思い出すこと □ □ 記憶定着|QRコード|すぐ確認"
  },
  {
    "en": "confidential",
    "jp": "□ □ □ き □"
  },
  {
    "en": "blast off",
    "jp": "□ □ 聞き流して覚える □ □"
  },
  {
    "en": "thrive",
    "jp": "□ □ □ □"
  },
  {
    "en": "queer",
    "jp": "□ □ □ □ ©英語漬け.com(えいぷら)2024"
  },
  {
    "en": "drop off",
    "jp": "□ □ □ □ れる □ □"
  },
  {
    "en": "transmit A to B",
    "jp": "□ □ □ □ □ □"
  },
  {
    "en": "freight",
    "jp": "□ □ □ □ □ □"
  },
  {
    "en": "slay",
    "jp": "□ □ □ □ □ □"
  },
  {
    "en": "snore",
    "jp": "□ □ くり返し思い出すこと さく呼吸する □ □ 記憶定着|QRコード|すぐ確認"
  },
  {
    "en": "tram",
    "jp": "□ □ □ □"
  },
  {
    "en": "let up",
    "jp": "□ □ 聞き流して覚える □ □"
  },
  {
    "en": "thaw",
    "jp": "□ □ になる □ □"
  },
  {
    "en": "grow into",
    "jp": "□ □ □ □ ©英語漬け.com(えいぷら)2024"
  },
  {
    "en": "detergent",
    "jp": "□ □ □ □ □ □"
  },
  {
    "en": "preface",
    "jp": "□ □ □ □ □ □"
  },
  {
    "en": "conceptual",
    "jp": "□ □ □ □ □ つ □"
  },
  {
    "en": "no better than",
    "jp": "□ □ □ い □ □ □"
  },
  {
    "en": "devour",
    "jp": "□ □ □ う □ □ □"
  },
  {
    "en": "set in",
    "jp": "□ □ くり返し思い出すこと □ □ 記憶定着|QRコード|すぐ確認"
  },
  {
    "en": "tan",
    "jp": "□ □ □ □"
  },
  {
    "en": "supervise",
    "jp": "□ □ 聞き流して覚える □ の負荷となる □"
  },
  {
    "en": "adore",
    "jp": "□ □ □ □"
  },
  {
    "en": "vein",
    "jp": "□ □ □ □ ©英語漬け.com(えいぷら)2024"
  },
  {
    "en": "giggle",
    "jp": "□ □ □ □ □ □"
  },
  {
    "en": "humid",
    "jp": "□ □ □ □ □ □"
  },
  {
    "en": "dictate",
    "jp": "□ □ □ □ して □ □"
  },
  {
    "en": "fright",
    "jp": "□ □ □ □ □ □"
  },
  {
    "en": "fall off",
    "jp": "□ □ □ □ □ □"
  },
  {
    "en": "furious",
    "jp": "□ □ くり返し思い出すこと □ □ 記憶定着|QRコード|すぐ確認"
  },
  {
    "en": "monarchy",
    "jp": "□ □ □ □"
  },
  {
    "en": "greed",
    "jp": "□ □ 聞き流して覚える □ □"
  },
  {
    "en": "tribute",
    "jp": "□ □ □ □"
  },
  {
    "en": "shrub",
    "jp": "□ □ □ □ ©英語漬け.com(えいぷら)2024"
  },
  {
    "en": "discomfort",
    "jp": "□ □ □ □ □ □"
  },
  {
    "en": "stab",
    "jp": "□ □ □ □ □ □"
  },
  {
    "en": "grant A to B",
    "jp": "□"
  },
  {
    "en": "enchant",
    "jp": "□"
  },
  {
    "en": "bestow",
    "jp": "□"
  },
  {
    "en": "arouse",
    "jp": "□ □ □ □ □ □"
  },
  {
    "en": "arrogant",
    "jp": "□ □ □ □ □ □"
  },
  {
    "en": "pluck",
    "jp": "□ □ □ □ □ □"
  },
  {
    "en": "trustee",
    "jp": "□ □ くり返し思い出すこと □ □ 記憶定着|QRコード|すぐ確認"
  },
  {
    "en": "in danger of",
    "jp": "□ □ □ □"
  },
  {
    "en": "indicator",
    "jp": "□ □ 聞き流して覚える □ □"
  },
  {
    "en": "outfit",
    "jp": "□ □ □ らず □"
  },
  {
    "en": "projection",
    "jp": "□ □ □ □ ©英語漬け.com(えいぷら)2024"
  },
  {
    "en": "frightful",
    "jp": "□ □ □ □ □ □"
  },
  {
    "en": "excel",
    "jp": "□ □ □ □ 山積みにする,集積する □ □"
  },
  {
    "en": "appetizer",
    "jp": "□ □ □ □ □ □"
  },
  {
    "en": "eminent",
    "jp": "□ □ □ □ □ □"
  },
  {
    "en": "exert",
    "jp": "□ □ □ □ いる □ □"
  },
  {
    "en": "folklore",
    "jp": "□ □ くり返し思い出すこと □ □ 記憶定着|QRコード|すぐ確認"
  },
  {
    "en": "glacier",
    "jp": "□ □ □ □"
  },
  {
    "en": "bliss",
    "jp": "□ □ 聞き流して覚える □ □"
  },
  {
    "en": "outgoing",
    "jp": "□ □ □ □"
  },
  {
    "en": "strand",
    "jp": "□ □ □ □ ©英語漬け.com(えいぷら)2024"
  },
  {
    "en": "splendor",
    "jp": "□ □ □ □ □ □"
  },
  {
    "en": "temperate",
    "jp": "□ □ □ □ □ □"
  },
  {
    "en": "apprentice",
    "jp": "□ □ □ □ □ □"
  },
  {
    "en": "stay off",
    "jp": "□ □ □ □ □ □"
  },
  {
    "en": "formidable",
    "jp": "□ □ □ □ □ □"
  },
  {
    "en": "partake",
    "jp": "□ □ くり返し思い出すこと □ □ 記憶定着|QRコード|すぐ確認"
  },
  {
    "en": "avail",
    "jp": "□ □ □ □"
  },
  {
    "en": "slumber",
    "jp": "□ □ 聞き流して覚える □ □"
  },
  {
    "en": "legitimate",
    "jp": "□ □ □ □"
  },
  {
    "en": "toll",
    "jp": "□ □ □ □ ©英語漬け.com(えいぷら)2024"
  },
  {
    "en": "cherish",
    "jp": "□ □ □ □ □ □"
  },
  {
    "en": "supplier",
    "jp": "□ □ □ □ □ □"
  },
  {
    "en": "subdue",
    "jp": "□ □ □ □ □ □"
  },
  {
    "en": "decisive",
    "jp": "□ □ □ □ □ □"
  },
  {
    "en": "superb",
    "jp": "□ □ □ □ □ □"
  },
  {
    "en": "vacancy",
    "jp": "□ □ くり返し思い出すこと □ □ 記憶定着|QRコード|すぐ確認"
  },
  {
    "en": "dismal",
    "jp": "□ □ □ □"
  },
  {
    "en": "sullen",
    "jp": "□ □ 聞き流して覚える □ □"
  },
  {
    "en": "force down",
    "jp": "□ □ 飲み込む,無理に飲み込む □ □"
  },
  {
    "en": "evenly",
    "jp": "□ □ □ □ ©英語漬け.com(えいぷら)2024"
  },
  {
    "en": "foggy",
    "jp": "□ □ □ □ □ □"
  },
  {
    "en": "legislative",
    "jp": "□ □ □ □ □ □"
  },
  {
    "en": "admiral",
    "jp": "□ □ □ □ □ □"
  },
  {
    "en": "shriek",
    "jp": "□ □ □ □ □ □"
  },
  {
    "en": "sell out",
    "jp": "□ □ □ □ □ □"
  },
  {
    "en": "optimism",
    "jp": "□ □ くり返し思い出すこと □ 擁護する □ 記憶定着|QRコード|すぐ確認"
  },
  {
    "en": "compare A to B",
    "jp": "□ □ □ □"
  },
  {
    "en": "abolition",
    "jp": "□ □ 聞き流して覚える □ □"
  },
  {
    "en": "sane",
    "jp": "□ □ □ □"
  },
  {
    "en": "hydrogen",
    "jp": "□ □ □ □ ©英語漬け.com(えいぷら)2024"
  },
  {
    "en": "believe in",
    "jp": "□ □ □ □ 床にある □ □"
  },
  {
    "en": "forefather",
    "jp": "□ □ □ □ □ □"
  },
  {
    "en": "submission",
    "jp": "□ □ □ □ □ としてAの位置を占める □"
  },
  {
    "en": "beverage",
    "jp": "□ □ □ □ □ □"
  },
  {
    "en": "prescribe",
    "jp": "□ □ □ □ □ □"
  },
  {
    "en": "brisk",
    "jp": "□ □ □ □"
  },
  {
    "en": "tell on",
    "jp": "□ □ 聞き流して覚える □ □"
  },
  {
    "en": "emission",
    "jp": "□ □ □ □"
  },
  {
    "en": "mediator",
    "jp": "□ □ □ □ ©英語漬け.com(えいぷら)2024"
  },
  {
    "en": "pollute",
    "jp": "□ □ □ □ □ □"
  },
  {
    "en": "novelty",
    "jp": "□ □ □ □ □ □"
  },
  {
    "en": "across from",
    "jp": "□ □ □ かい側 □ □ □"
  },
  {
    "en": "brace",
    "jp": "□ □ □ □ □ □"
  },
  {
    "en": "tow",
    "jp": "□ □ □ □ □ □"
  },
  {
    "en": "philosophical",
    "jp": "□ □ くり返し思い出すこと □ □ 記憶定着|QRコード|すぐ確認"
  },
  {
    "en": "repel",
    "jp": "□ □ □ □"
  },
  {
    "en": "comply",
    "jp": "□ □ 聞き流して覚える □ □"
  },
  {
    "en": "lock up",
    "jp": "□ □ □ □"
  },
  {
    "en": "set off",
    "jp": "□ □ □ □ ©英語漬け.com(えいぷら)2024"
  },
  {
    "en": "mother-in-law",
    "jp": "□ □ □ □ □ □"
  },
  {
    "en": "withhold",
    "jp": "□ □ □ □ □ □"
  },
  {
    "en": "affirmative",
    "jp": "□ □ □ □ □ □"
  },
  {
    "en": "push through",
    "jp": "□ □ □ □ □ る □"
  },
  {
    "en": "attic",
    "jp": "□ □ □ □ □ □"
  },
  {
    "en": "fall under",
    "jp": "□ □ くり返し思い出すこと □ □ 記憶定着|QRコード|すぐ確認"
  },
  {
    "en": "endow",
    "jp": "□ □ □ □"
  },
  {
    "en": "stammer",
    "jp": "□ □ 聞き流して覚える □ □"
  },
  {
    "en": "send out for",
    "jp": "□ □ □ □"
  },
  {
    "en": "questionnaire",
    "jp": "□ □ □ □ ©英語漬け.com(えいぷら)2024"
  },
  {
    "en": "amid",
    "jp": "□ □ □ □ □ □"
  },
  {
    "en": "relevance",
    "jp": "□ □ □ □ □ □"
  },
  {
    "en": "extinct",
    "jp": "□ □ □ □ □ □"
  },
  {
    "en": "integrate",
    "jp": "□ □ □ □ □ □"
  },
  {
    "en": "crash down",
    "jp": "□ □ □ □ □ □"
  },
  {
    "en": "finish off",
    "jp": "□ □ くり返し思い出すこと □ □ 記憶定着|QRコード|すぐ確認"
  },
  {
    "en": "congregation",
    "jp": "□ □ □ □"
  },
  {
    "en": "accumulation",
    "jp": "□ □ 聞き流して覚える □ □"
  },
  {
    "en": "bully",
    "jp": "□ □ □ □"
  },
  {
    "en": "sprawl",
    "jp": "□ □ □ □ ©英語漬け.com(えいぷら)2024"
  },
  {
    "en": "retailer",
    "jp": "□ □ □ □ □ □"
  },
  {
    "en": "volcanic",
    "jp": "□ □ □ □ □ □"
  },
  {
    "en": "mow",
    "jp": "□ □ □ □ □ □"
  },
  {
    "en": "come off",
    "jp": "□ □ □ □ □ □"
  },
  {
    "en": "anatomy",
    "jp": "□ □ □ □ □ □"
  },
  {
    "en": "sniff",
    "jp": "□ □ くり返し思い出すこと □ □ 記憶定着|QRコード|すぐ確認"
  },
  {
    "en": "bank account",
    "jp": "□ □ □ □"
  },
  {
    "en": "dynamics",
    "jp": "□ □ 聞き流して覚える □ □"
  },
  {
    "en": "gulp",
    "jp": "□ □ □ □"
  },
  {
    "en": "reinforcement",
    "jp": "□ □ □ □ ©英語漬け.com(えいぷら)2024"
  },
  {
    "en": "hitch",
    "jp": "□ □ □ □ □ □"
  },
  {
    "en": "strategic",
    "jp": "□ □ □ □ □ □"
  },
  {
    "en": "prosecute",
    "jp": "□ □ □ □ □ □"
  },
  {
    "en": "dilemma",
    "jp": "□ □ □ □ □ □"
  },
  {
    "en": "equity",
    "jp": "□ □ □ □ □ □"
  },
  {
    "en": "entity",
    "jp": "□ □ くり返し思い出すこと □ □ 記憶定着|QRコード|すぐ確認"
  },
  {
    "en": "devastate",
    "jp": "□ □ □ □"
  },
  {
    "en": "speculate",
    "jp": "□ □ □ 棄する □"
  },
  {
    "en": "jurisdiction",
    "jp": "□ □ □ □"
  },
  {
    "en": "dignify",
    "jp": "□ □ □ □ □ □"
  },
  {
    "en": "faction",
    "jp": "□ □ □ □ □ □"
  },
  {
    "en": "luminous",
    "jp": "□ □ □ □ □ □"
  },
  {
    "en": "rave",
    "jp": "□ □ □ □ □ □"
  },
  {
    "en": "extinguish",
    "jp": "□ □ □ □ □ いつく □"
  },
  {
    "en": "communion",
    "jp": "□ □ □ Bとみなす □"
  },
  {
    "en": "bail",
    "jp": "□ □ □ □"
  },
  {
    "en": "take in",
    "jp": "□ □ □ □"
  },
  {
    "en": "vomit",
    "jp": "□ □ □ □"
  },
  {
    "en": "add up to",
    "jp": "□ □ □ □"
  },
  {
    "en": "retort",
    "jp": "□ □ □ □ □ □"
  },
  {
    "en": "ongoing",
    "jp": "□ □ □ □ □ □"
  },
  {
    "en": "sarcastic",
    "jp": "□ □ □ □ □ □"
  },
  {
    "en": "fad",
    "jp": "□ □ □ □ □ □"
  },
  {
    "en": "assorted",
    "jp": "□ □ □ □ □ □"
  },
  {
    "en": "integrity",
    "jp": "□ □ くり返し思い出すこと □ □ 記憶定着|QRコード|すぐ確認"
  },
  {
    "en": "subject to",
    "jp": "□ □ □ □"
  },
  {
    "en": "attainment",
    "jp": "□ □ 聞き流して覚える □ □"
  },
  {
    "en": "shudder",
    "jp": "□ □ □ □"
  },
  {
    "en": "clean cut",
    "jp": "□ □ □ □ ©英語漬け.com(えいぷら)2024"
  },
  {
    "en": "par",
    "jp": "□ □ □ □ □ □"
  },
  {
    "en": "aviation",
    "jp": "□ □ □ □ □ □"
  },
  {
    "en": "sterile",
    "jp": "□ □ □ □ □ □"
  },
  {
    "en": "transcript",
    "jp": "□ □ □ □ □ □"
  },
  {
    "en": "desperation",
    "jp": "□ □ □ □ □ □"
  },
  {
    "en": "ambiguous",
    "jp": "□ □ くり返し思い出すこと □ □ 記憶定着|QRコード|すぐ確認"
  },
  {
    "en": "facilitate",
    "jp": "□ □ □ □"
  },
  {
    "en": "sovereign",
    "jp": "□ □ 聞き流して覚える □ □"
  },
  {
    "en": "on balance",
    "jp": "□ □ □ □"
  },
  {
    "en": "hitherto",
    "jp": "□"
  },
  {
    "en": "keep A out of B",
    "jp": "□"
  },
  {
    "en": "strangle",
    "jp": "□ □ □ □ ©英語漬け.com(えいぷら)2024"
  },
  {
    "en": "glaze",
    "jp": "□ □ □ □ □ □"
  },
  {
    "en": "thereby",
    "jp": "□ □ □ □ □ □"
  },
  {
    "en": "validity",
    "jp": "□ □ □ □ □ □"
  },
  {
    "en": "vendor",
    "jp": "□ □ □ □ □ □"
  },
  {
    "en": "diabetes",
    "jp": "□ □ □ □ □ □"
  },
  {
    "en": "chunk",
    "jp": "□ □ くり返し思い出すこと □ □ 記憶定着|QRコード|すぐ確認"
  },
  {
    "en": "in particular",
    "jp": "□ □ □ □"
  },
  {
    "en": "manipulate",
    "jp": "□ □ 聞き流して覚える □ □"
  },
  {
    "en": "fire up",
    "jp": "□ □ □ □"
  },
  {
    "en": "donate A to B",
    "jp": "□ □ □ □ ©英語漬け.com(えいぷら)2024"
  },
  {
    "en": "abbreviate",
    "jp": "□ □ □ □ □ □"
  },
  {
    "en": "swap",
    "jp": "□ □ □ □ □ □"
  },
  {
    "en": "work out",
    "jp": "□ □ □ する □ □ □"
  },
  {
    "en": "allot",
    "jp": "□ □ □ □ □ □"
  },
  {
    "en": "diverge",
    "jp": "□ □ □ □ 入る,滞りなく入る □ □"
  },
  {
    "en": "ordeal",
    "jp": "□ □ くり返し思い出すこと □ □ 記憶定着|QRコード|すぐ確認"
  },
  {
    "en": "vice versa",
    "jp": "□ □ □ □"
  },
  {
    "en": "outnumber",
    "jp": "□ □ 聞き流して覚える □ □"
  },
  {
    "en": "pact",
    "jp": "□ □ □ □"
  },
  {
    "en": "purge",
    "jp": "□ □ □ い □ ©英語漬け.com(えいぷら)2024"
  },
  {
    "en": "monopolize",
    "jp": "□ □ □ □ □ □"
  },
  {
    "en": "assimilate",
    "jp": "□ □ □ む □ □ □"
  },
  {
    "en": "vogue",
    "jp": "□ □ □ □ □ □"
  },
  {
    "en": "tune up",
    "jp": "□ □ □ □ □ た □"
  },
  {
    "en": "pervade",
    "jp": "□ □ □ □ □ □"
  },
  {
    "en": "hygiene",
    "jp": "□ □ くり返し思い出すこと □ □ 記憶定着|QRコード|すぐ確認"
  },
  {
    "en": "duplicate",
    "jp": "□ □ □ □"
  },
  {
    "en": "rectify",
    "jp": "□ □ 聞き流して覚える □ □"
  },
  {
    "en": "instantaneous",
    "jp": "□ □ □ □"
  },
  {
    "en": "droop",
    "jp": "□ □ □ □ ©英語漬け.com(えいぷら)2024"
  },
  {
    "en": "crack up",
    "jp": "□ □ □ □ □ □"
  },
  {
    "en": "repress",
    "jp": "□ □ □ □ □ □"
  },
  {
    "en": "pang",
    "jp": "□ □ □ □ □ □"
  },
  {
    "en": "moor",
    "jp": "□ □ □ □ □ □"
  },
  {
    "en": "censor",
    "jp": "□ □ □ □ なくなる □ □"
  },
  {
    "en": "rigorous",
    "jp": "□ □ くり返し思い出すこと □ □ 記憶定着|QRコード|すぐ確認"
  },
  {
    "en": "differential",
    "jp": "□ □ 聞き流して覚える □ □"
  },
  {
    "en": "contamination",
    "jp": "□ □ □ □"
  },
  {
    "en": "coherence",
    "jp": "□ □ □ □ ©英語漬け.com(えいぷら)2024"
  },
  {
    "en": "intimidate",
    "jp": "□"
  },
  {
    "en": "integrate A into B",
    "jp": "□"
  },
  {
    "en": "layman",
    "jp": "□"
  },
  {
    "en": "insincere",
    "jp": "□ □ □ □ □ □"
  },
  {
    "en": "astray",
    "jp": "□ □ □ □ □ □"
  },
  {
    "en": "obsolete",
    "jp": "□ □ □ □ □ □"
  },
  {
    "en": "conceited",
    "jp": "□ □ □ □ □ □"
  },
  {
    "en": "morale",
    "jp": "□ □ □ □ □ □"
  },
  {
    "en": "rascal",
    "jp": "□ □ くり返し思い出すこと □ □ 記憶定着|QRコード|すぐ確認"
  },
  {
    "en": "infer",
    "jp": "□ □ □ □"
  },
  {
    "en": "preoccupation",
    "jp": "□ □ 聞き流して覚える □ □"
  },
  {
    "en": "barter",
    "jp": "□ □ □ □"
  },
  {
    "en": "indecent",
    "jp": "□ □ □ □ ©英語漬け.com(えいぷら)2024"
  },
  {
    "en": "feudal",
    "jp": "□ □ □ □ □ に閉じる □"
  },
  {
    "en": "shoplift",
    "jp": "□ □ □ □ □ □"
  },
  {
    "en": "be tidied up",
    "jp": "□ □ □ □ □ □"
  },
  {
    "en": "as it turns out",
    "jp": "□ □ □ □ □ □"
  },
  {
    "en": "damned",
    "jp": "□ □ □ □ □ □"
  },
  {
    "en": "make progress",
    "jp": "□ □ くり返し思い出すこと □ □ 記憶定着|QRコード|すぐ確認"
  },
  {
    "en": "yolk",
    "jp": "□ □ □ □"
  },
  {
    "en": "terminate",
    "jp": "□ □ 聞き流して覚える □ □"
  },
  {
    "en": "monotony",
    "jp": "□ □ □ □"
  },
  {
    "en": "redeem",
    "jp": "□ □ □ □ ©英語漬け.com(えいぷら)2024"
  },
  {
    "en": "crest",
    "jp": "□ □ □ □ □ □"
  },
  {
    "en": "contour",
    "jp": "□ □ □ □ □ □"
  },
  {
    "en": "irrelevance",
    "jp": "□ □ □ □ □ □"
  },
  {
    "en": "periodic",
    "jp": "□ □ □ □ □ □"
  },
  {
    "en": "crimson",
    "jp": "□ □ □ □ □ □"
  },
  {
    "en": "preparatory",
    "jp": "□ □ くり返し思い出すこと □ □ 記憶定着|QRコード|すぐ確認"
  },
  {
    "en": "lighthearted",
    "jp": "□ □ □ □"
  },
  {
    "en": "discord",
    "jp": "□ □ 聞き流して覚える □ □"
  },
  {
    "en": "throng",
    "jp": "□ □ □ □"
  },
  {
    "en": "midweek",
    "jp": "□ □ □ □ ©英語漬け.com(えいぷら)2024"
  },
  {
    "en": "neutralize",
    "jp": "□ □ □ □ □ 評価する □"
  },
  {
    "en": "sign up",
    "jp": "□ □ □ □ □ □"
  },
  {
    "en": "eclipse",
    "jp": "□ □ □ □ □ □"
  },
  {
    "en": "boon",
    "jp": "□ □ □ □ □ □"
  },
  {
    "en": "jest",
    "jp": "□ □ □ □ □ □"
  },
  {
    "en": "sewer",
    "jp": "□ □ くり返し思い出すこと □ □ 記憶定着|QRコード|すぐ確認"
  },
  {
    "en": "muscular",
    "jp": "□ □ □ □"
  },
  {
    "en": "lodger",
    "jp": "□ □ 聞き流して覚える □ □"
  },
  {
    "en": "skeptical",
    "jp": "□ □ □ □"
  },
  {
    "en": "daze",
    "jp": "□ □ □ □ ©英語漬け.com(えいぷら)2024"
  },
  {
    "en": "mimic",
    "jp": "□ □ □ □ る □ □"
  },
  {
    "en": "meager",
    "jp": "□ □ □ □ □ □"
  },
  {
    "en": "torrent",
    "jp": "□ □ □ □ □ □"
  },
  {
    "en": "perpetuate",
    "jp": "□ □ □ □ □ □"
  },
  {
    "en": "rebuke",
    "jp": "□ □ □ □ □ □"
  },
  {
    "en": "hectic",
    "jp": "□ □ くり返し思い出すこと □ □ 記憶定着|QRコード|すぐ確認"
  },
  {
    "en": "denounce",
    "jp": "□ □ □ □"
  },
  {
    "en": "incur",
    "jp": "□ □ 聞き流して覚える □ □"
  },
  {
    "en": "predominant",
    "jp": "□ □ □ □"
  },
  {
    "en": "affluent",
    "jp": "□ □ □ □ ©英語漬け.com(えいぷら)2024"
  },
  {
    "en": "tangible",
    "jp": "□ □ □ □ □ □"
  },
  {
    "en": "evade",
    "jp": "□ □ □ □ □ □"
  },
  {
    "en": "seduce",
    "jp": "□ □ □ □ 台無しになる □ □"
  },
  {
    "en": "massacre",
    "jp": "□ □ □ □ □ □"
  },
  {
    "en": "woe",
    "jp": "□ □ □ □ □ かう □"
  },
  {
    "en": "illogical",
    "jp": "□ □ くり返し思い出すこと □ □ 記憶定着|QRコード|すぐ確認"
  },
  {
    "en": "inborn",
    "jp": "□ □ □ □"
  },
  {
    "en": "doze",
    "jp": "□ □ 聞き流して覚える □ □"
  },
  {
    "en": "plateau",
    "jp": "□ □ □ □"
  },
  {
    "en": "match A with B",
    "jp": "□ □ □ □ ©英語漬け.com(えいぷら)2024"
  },
  {
    "en": "depot",
    "jp": "□ □ □ □ □ □"
  },
  {
    "en": "localize",
    "jp": "□ □ □ □ □ □"
  },
  {
    "en": "complacent",
    "jp": "□ □ □ □ □ □"
  },
  {
    "en": "tip over",
    "jp": "□ □ □ □ □ □"
  },
  {
    "en": "break down",
    "jp": "□ □ □ □ □ □"
  },
  {
    "en": "be likely to",
    "jp": "□ □ くり返し思い出すこと 高い □ □ 記憶定着|QRコード|すぐ確認"
  },
  {
    "en": "abstraction",
    "jp": "□ □ □ まで続ける □"
  },
  {
    "en": "intrinsic",
    "jp": "□ □ 聞き流して覚える □ □"
  },
  {
    "en": "forefinger",
    "jp": "□ □ □ □"
  },
  {
    "en": "mythology",
    "jp": "□ □ □ □ ©英語漬け.com(えいぷら)2024"
  },
  {
    "en": "squeak",
    "jp": "□ □ □ □ □ □"
  },
  {
    "en": "denote",
    "jp": "□ □ □ □ □ □"
  },
  {
    "en": "humane",
    "jp": "□ □ □ □ □ □"
  },
  {
    "en": "forcible",
    "jp": "□ □ □ □ □ □"
  },
  {
    "en": "browse",
    "jp": "□ □ □ □ □ □"
  },
  {
    "en": "gaily",
    "jp": "□ □ くり返し思い出すこと □ □ 記憶定着|QRコード|すぐ確認"
  },
  {
    "en": "recur",
    "jp": "□ □ □ □"
  },
  {
    "en": "glossary",
    "jp": "□ □ 聞き流して覚える □ □"
  },
  {
    "en": "compression",
    "jp": "□ □ □ □"
  },
  {
    "en": "defiant",
    "jp": "□ □ □ □ ©英語漬け.com(えいぷら)2024"
  },
  {
    "en": "tactic",
    "jp": "□ □ □ □ □ □"
  },
  {
    "en": "enact",
    "jp": "□ □ □ □ □ □"
  },
  {
    "en": "stand out",
    "jp": "□ □ □ □ □ 遅延を補う □"
  },
  {
    "en": "nominee",
    "jp": "□ □ □ □ る □ □"
  },
  {
    "en": "indigenous",
    "jp": "□ □ □ □ □ □"
  },
  {
    "en": "cognitive",
    "jp": "□ □ くり返し思い出すこと □ □ 記憶定着|QRコード|すぐ確認"
  },
  {
    "en": "overstate",
    "jp": "□ □ □ □"
  },
  {
    "en": "surveillance",
    "jp": "□ □ 聞き流して覚える □ □"
  },
  {
    "en": "eligible",
    "jp": "□ □ □ □"
  },
  {
    "en": "rampage",
    "jp": "□ □ □ □ ©英語漬け.com(えいぷら)2024"
  },
  {
    "en": "dehydrate",
    "jp": "□ □ □ □ □ □"
  },
  {
    "en": "wholesome",
    "jp": "□ □ □ □ □ □"
  },
  {
    "en": "disclosure",
    "jp": "□ □ □ □ □ □"
  },
  {
    "en": "embarrass",
    "jp": "□ □ □ させる □ □ □"
  },
  {
    "en": "tear down",
    "jp": "□ □ □ □ □ □"
  },
  {
    "en": "cope with",
    "jp": "□ □ くり返し思い出すこと □ □ 記憶定着|QRコード|すぐ確認"
  },
  {
    "en": "ashamed",
    "jp": "□ □ □ □"
  },
  {
    "en": "addictive",
    "jp": "□ □ 聞き流して覚える □ □"
  },
  {
    "en": "maternity",
    "jp": "□ □ □ □"
  },
  {
    "en": "proper",
    "jp": "□ □ □ □ ©英語漬け.com(えいぷら)2024"
  },
  {
    "en": "grumpy",
    "jp": "□ □ □ □ □ □"
  },
  {
    "en": "grouchy",
    "jp": "□ □ □ □ □ □"
  },
  {
    "en": "acquit",
    "jp": "□ □ □ する □ □ □"
  },
  {
    "en": "perch",
    "jp": "□ □ □ □ □ □"
  },
  {
    "en": "nominal",
    "jp": "□ □ □ □ □ □"
  },
  {
    "en": "translucent",
    "jp": "□ □ くり返し思い出すこと □ □ 記憶定着|QRコード|すぐ確認"
  },
  {
    "en": "axis",
    "jp": "□ □ □ □"
  },
  {
    "en": "figure out",
    "jp": "□ □ 聞き流して覚える □ □"
  },
  {
    "en": "minute",
    "jp": "□ □ □ □"
  },
  {
    "en": "superficial",
    "jp": "□ □ □ □ ©英語漬け.com(えいぷら)2024"
  },
  {
    "en": "accompany",
    "jp": "□ □ □ □ □ る □"
  },
  {
    "en": "kinship",
    "jp": "□ □ □ □ □ □"
  },
  {
    "en": "certify",
    "jp": "□ □ □ □ □ □"
  },
  {
    "en": "adorable",
    "jp": "□ □ □ □ □ □"
  },
  {
    "en": "subtle",
    "jp": "□ □ □ □ □ □"
  },
  {
    "en": "propriety",
    "jp": "□ □ くり返し思い出すこと □ □ 記憶定着|QRコード|すぐ確認"
  },
  {
    "en": "frown upon",
    "jp": "□ □ □ □"
  },
  {
    "en": "encourage",
    "jp": "□ □ 聞き流して覚える □ □"
  },
  {
    "en": "itinerary",
    "jp": "□ □ □ □"
  },
  {
    "en": "diagram",
    "jp": "□ □ □ □ ©英語漬け.com(えいぷら)2024"
  },
  {
    "en": "resolve",
    "jp": "□ □ □ □ □ □"
  },
  {
    "en": "blast",
    "jp": "□ □ □ □ □ □"
  },
  {
    "en": "jovial",
    "jp": "□ □ □ □ □ □"
  },
  {
    "en": "delusion",
    "jp": "□ □ □ □ □ □"
  },
  {
    "en": "dismay",
    "jp": "□ □ □ □ □ □"
  },
  {
    "en": "falsify",
    "jp": "□ □ くり返し思い出すこと □ □ 記憶定着|QRコード|すぐ確認"
  },
  {
    "en": "thread",
    "jp": "□ □ □ □"
  },
  {
    "en": "aristocrat",
    "jp": "□ □ 聞き流して覚える □ □"
  },
  {
    "en": "glide",
    "jp": "□ □ □ □"
  },
  {
    "en": "tighten up",
    "jp": "□ □ □ □ ©英語漬け.com(えいぷら)2024"
  },
  {
    "en": "alliance",
    "jp": "□ □ □ □ □ □"
  },
  {
    "en": "pivot",
    "jp": "□ □ □ □ □ □"
  },
  {
    "en": "docile",
    "jp": "□ □ □ □ □ □"
  },
  {
    "en": "accord",
    "jp": "□ □ □ □ □ □"
  },
  {
    "en": "pursue",
    "jp": "□ □ □ □ □ □"
  },
  {
    "en": "autograph",
    "jp": "□ □ くり返し思い出すこと □ □ 記憶定着|QRコード|すぐ確認"
  },
  {
    "en": "imply",
    "jp": "□ □ □ □"
  },
  {
    "en": "arduous",
    "jp": "□ □ 聞き流して覚える □ □"
  },
  {
    "en": "vessel",
    "jp": "□ □ □ □"
  },
  {
    "en": "intangible",
    "jp": "□ □ □ □ ©英語漬け.com(えいぷら)2024"
  },
  {
    "en": "abstract",
    "jp": "□ □ □ □ □ □"
  },
  {
    "en": "opponent",
    "jp": "□ □ □ □ □ □"
  },
  {
    "en": "principle",
    "jp": "□ □ □ □ □ □"
  },
  {
    "en": "thrifty",
    "jp": "□ □ □ □ □ □"
  },
  {
    "en": "forgery",
    "jp": "□ □ □ □ □ □"
  },
  {
    "en": "essential",
    "jp": "□ □ くり返し思い出すこと □ □ 記憶定着|QRコード|すぐ確認"
  },
  {
    "en": "chaotic",
    "jp": "□ □ □ □"
  },
  {
    "en": "recall",
    "jp": "□ □ 聞き流して覚える □ □"
  },
  {
    "en": "venture",
    "jp": "□ □ □ □"
  },
  {
    "en": "uptight",
    "jp": "□ □ □ □ ©英語漬け.com(えいぷら)2024"
  },
  {
    "en": "stature",
    "jp": "□ □ □ □ □ □"
  },
  {
    "en": "dominance",
    "jp": "□ □ □ □ □ □"
  },
  {
    "en": "accustom",
    "jp": "□ □ □ □ □ □"
  },
  {
    "en": "bid",
    "jp": "□ □ □ □ □ □"
  },
  {
    "en": "verbal",
    "jp": "□ □ □ □ □ □"
  },
  {
    "en": "nosy",
    "jp": "□ □ くり返し思い出すこと □ □ 記憶定着|QRコード|すぐ確認"
  },
  {
    "en": "competent",
    "jp": "□ □ □ □"
  },
  {
    "en": "empathy",
    "jp": "□ □ 聞き流して覚える □ □"
  },
  {
    "en": "illiterate",
    "jp": "□ □ □ □"
  },
  {
    "en": "attach",
    "jp": "□ □ □ □ ©英語漬け.com(えいぷら)2024"
  },
  {
    "en": "bankrupt",
    "jp": "□ □ □ □ □ □"
  },
  {
    "en": "justify",
    "jp": "□ □ □ □ □ □"
  },
  {
    "en": "hurdle",
    "jp": "□ □ □ □ □ □"
  },
  {
    "en": "domestic",
    "jp": "□ □ □ □ □ □"
  },
  {
    "en": "tension",
    "jp": "□ □ □ □ □ □"
  },
  {
    "en": "witness",
    "jp": "□ □ くり返し思い出すこと □ □ 記憶定着|QRコード|すぐ確認"
  },
  {
    "en": "acknowledge",
    "jp": "□ □ □ □"
  },
  {
    "en": "crook",
    "jp": "□ □ 聞き流して覚える □ □"
  },
  {
    "en": "foil",
    "jp": "□ □ □ □"
  },
  {
    "en": "groom",
    "jp": "□ □ □ □ ©英語漬け.com(えいぷら)2024"
  }
]