[
  {
    "en": "however",
    "jp": "□ □ □ も □ □ □"
  },
  {
    "en": "reduce",
    "jp": "□ □ □ □ □ □"
  },
  {
    "en": "in order to",
    "jp": "□ □ □ □ □ □"
  },
  {
    "en": "recommend",
    "jp": "□ □ □ □ □ □"
  },
  {
    "en": "recently",
    "jp": "□ □ □ □ □ □"
  },
  {
    "en": "common",
    "jp": "くり返し こと QRコードを読んでスタート"
  },
  {
    "en": "moreover",
    "jp": "□ □ 聞き流して覚える □ □"
  },
  {
    "en": "a number of",
    "jp": "□ □ □ □"
  },
  {
    "en": "benefit",
    "jp": "□ □ □ □"
  },
  {
    "en": "furthermore",
    "jp": "□ □ □ □ □ □"
  },
  {
    "en": "result in",
    "jp": "□ hand □ □ □ □ □"
  },
  {
    "en": "remain",
    "jp": "□ □ □ □ □ □"
  },
  {
    "en": "suffer from",
    "jp": "□ □ □ □ □ □"
  },
  {
    "en": "more and more",
    "jp": "□ □ □ □ □ □"
  },
  {
    "en": "consume",
    "jp": "□ □ □ □"
  },
  {
    "en": "development",
    "jp": "□ □ □ □"
  },
  {
    "en": "extremely",
    "jp": "□ □ □ □"
  },
  {
    "en": "unlike",
    "jp": "□ □ □ □"
  },
  {
    "en": "repair",
    "jp": "□ □ □ □"
  },
  {
    "en": "in contrast",
    "jp": "□ □ □ □ □ □"
  },
  {
    "en": "additionally",
    "jp": "□ □ □ □ □ □"
  },
  {
    "en": "for example",
    "jp": "□ □ □ □ □ □"
  },
  {
    "en": "certain",
    "jp": "□ □ □ □ □ □"
  },
  {
    "en": "in response to",
    "jp": "□ □ □ □ □ □"
  },
  {
    "en": "at the same time",
    "jp": "□ □ くり返し思い出すこと □ □ 記憶定着|QRコード|すぐ確認"
  },
  {
    "en": "be known as",
    "jp": "□ □ □ □"
  },
  {
    "en": "accurate",
    "jp": "□ □ 聞き流して覚える □ □"
  },
  {
    "en": "a variety of",
    "jp": "□ □ □ □"
  },
  {
    "en": "sympathy",
    "jp": "□ □ □ □ ©英語漬け.com(えいぷら)2024"
  },
  {
    "en": "complete",
    "jp": "□ □ □ □ □ □"
  },
  {
    "en": "psychologist",
    "jp": "□ □ □ □ □ □"
  },
  {
    "en": "demand",
    "jp": "□ □ □ □ □ □"
  },
  {
    "en": "valuable",
    "jp": "□ □ □ □ □ □"
  },
  {
    "en": "poverty",
    "jp": "□ □ □ □ □ □"
  },
  {
    "en": "ingredient",
    "jp": "□ □ くり返し思い出すこと □ □ 記憶定着|QRコード|すぐ確認"
  },
  {
    "en": "spend",
    "jp": "□ □ □ □"
  },
  {
    "en": "purchase",
    "jp": "□ □ 聞き流して覚える □ □"
  },
  {
    "en": "revolution",
    "jp": "□ □ □ □"
  },
  {
    "en": "previously",
    "jp": "□ □ □ □ ©英語漬け.com(えいぷら)2024"
  },
  {
    "en": "decade",
    "jp": "□ □ □ □ □ □"
  },
  {
    "en": "replacement",
    "jp": "□ □ □ □ □ □"
  },
  {
    "en": "confuse",
    "jp": "□ □ □ い □ □ □"
  },
  {
    "en": "economy",
    "jp": "□ □ □ □ □ □"
  },
  {
    "en": "cope with",
    "jp": "□ □ □ □ □ □"
  },
  {
    "en": "certainly",
    "jp": "□ □ くり返し思い出すこと □ □ 記憶定着|QRコード|すぐ確認"
  },
  {
    "en": "instrument",
    "jp": "□ □ □ う □"
  },
  {
    "en": "temporary",
    "jp": "□ □ 聞き流して覚える □ □"
  },
  {
    "en": "arrange",
    "jp": "□ □ □ □"
  },
  {
    "en": "take after",
    "jp": "□ □ □ □ ©英語漬け.com(えいぷら)2024"
  },
  {
    "en": "dispose",
    "jp": "□ □ □ □ □ □"
  },
  {
    "en": "statistics",
    "jp": "□"
  },
  {
    "en": "worth",
    "jp": "□"
  },
  {
    "en": "fear",
    "jp": "□"
  },
  {
    "en": "compromise",
    "jp": "□ □ □ □ は限らない □ □"
  },
  {
    "en": "formation",
    "jp": "□ □ □ □ □ □"
  },
  {
    "en": "quarrel",
    "jp": "□ □ □ □ □ □"
  },
  {
    "en": "condition",
    "jp": "□ □ □ □ □ □"
  },
  {
    "en": "in demand",
    "jp": "□ □ くり返し思い出すこと □ □ 記憶定着|QRコード|すぐ確認"
  },
  {
    "en": "in the meantime",
    "jp": "□ □ □ □"
  },
  {
    "en": "to some extent",
    "jp": "□ □ 聞き流して覚える □ □"
  },
  {
    "en": "on the contrary",
    "jp": "□ □ □ □"
  },
  {
    "en": "answer for",
    "jp": "□ □ □ □ ©英語漬け.com(えいぷら)2024"
  },
  {
    "en": "disorder",
    "jp": "□ □ □ □ □ □"
  },
  {
    "en": "physical",
    "jp": "□ □ □ □ □ □"
  },
  {
    "en": "at present",
    "jp": "□ □ □ □ □ □"
  },
  {
    "en": "opportunity",
    "jp": "□ □ □ □ □ □"
  },
  {
    "en": "exceptionally",
    "jp": "□ □ □ □ □ □"
  },
  {
    "en": "similar to",
    "jp": "□ □ くり返し思い出すこと □ □ 記憶定着|QRコード|すぐ確認"
  },
  {
    "en": "civilization",
    "jp": "□ □ □ □"
  },
  {
    "en": "represent",
    "jp": "□ □ 聞き流して覚える □ □"
  },
  {
    "en": "insult",
    "jp": "□ □ □ □"
  },
  {
    "en": "isolated",
    "jp": "□ □ □ □ ©英語漬け.com(えいぷら)2024"
  },
  {
    "en": "senior",
    "jp": "□ □ □ 上の人 □ する □ □"
  },
  {
    "en": "be adjusted to",
    "jp": "□ □ □ □ □ □"
  },
  {
    "en": "heart rate",
    "jp": "□ □ □ □ □ □"
  },
  {
    "en": "what is called",
    "jp": "□ □ □ □ □ □"
  },
  {
    "en": "each other",
    "jp": "□ □ □ □ □ □"
  },
  {
    "en": "check for",
    "jp": "□ □ くり返し思い出すこと □ □ 記憶定着|QRコード|すぐ確認"
  },
  {
    "en": "over time",
    "jp": "□ □ □ □"
  },
  {
    "en": "What is more",
    "jp": "□ □ 聞き流して覚える □ □"
  },
  {
    "en": "at a time",
    "jp": "□ □ □ □"
  },
  {
    "en": "harm",
    "jp": "□ □ □ □ □ □"
  },
  {
    "en": "innocent",
    "jp": "□ □ □ □ □ □"
  },
  {
    "en": "harbor",
    "jp": "□ □ □ □ □ □"
  },
  {
    "en": "legend",
    "jp": "□ □ □ □ □ □"
  },
  {
    "en": "vague",
    "jp": "□ □ □ □ □ □"
  },
  {
    "en": "conflict",
    "jp": "□ □ くり返し思い出すこと □ □ 記憶定着|QRコード|すぐ確認"
  },
  {
    "en": "ruin",
    "jp": "□ □ 破滅 □ □"
  },
  {
    "en": "launch",
    "jp": "□ □ 聞き流して覚える □ □"
  },
  {
    "en": "withdraw",
    "jp": "□"
  },
  {
    "en": "leave out",
    "jp": "□"
  },
  {
    "en": "refuse",
    "jp": "□ □ □ □"
  },
  {
    "en": "content",
    "jp": "□ □ □ □ □ □"
  },
  {
    "en": "anxious",
    "jp": "□ □ □ □ □ □"
  },
  {
    "en": "generously",
    "jp": "□ □ □ □ □ □"
  },
  {
    "en": "do well",
    "jp": "□ □ □ □ □ □"
  },
  {
    "en": "exception",
    "jp": "□ □ □ □ □ □"
  },
  {
    "en": "fund",
    "jp": "□ □ くり返し思い出すこと □ □ 記憶定着|QRコード|すぐ確認"
  },
  {
    "en": "accomplish",
    "jp": "□ □ □ □"
  },
  {
    "en": "introduce",
    "jp": "□ □ 聞き流して覚える □ □"
  },
  {
    "en": "identify",
    "jp": "□ □ □ □"
  },
  {
    "en": "detective",
    "jp": "□ □ □ □ ©英語漬け.com(えいぷら)2024"
  },
  {
    "en": "as though",
    "jp": "□ □ □ □ □ □"
  },
  {
    "en": "postpone",
    "jp": "□ □ □ □ □ □"
  },
  {
    "en": "fulfill",
    "jp": "□ □ □ □ □ □"
  },
  {
    "en": "capacity",
    "jp": "□ □ □ □ □ □"
  },
  {
    "en": "industry",
    "jp": "□ □ □ □ □ □"
  },
  {
    "en": "permanently",
    "jp": "□ □ くり返し思い出すこと □ □ 記憶定着|QRコード|すぐ確認"
  },
  {
    "en": "peaceful",
    "jp": "□ □ □ □"
  },
  {
    "en": "medical",
    "jp": "□ □ 聞き流して覚える □ □"
  },
  {
    "en": "explorers",
    "jp": "□ □ □ □"
  },
  {
    "en": "admit",
    "jp": "□ □ □ □ ©英語漬け.com(えいぷら)2024"
  },
  {
    "en": "vaccine",
    "jp": "□ □ □ □ □ □"
  },
  {
    "en": "illness",
    "jp": "□ □ □ □ □ □"
  },
  {
    "en": "checkup",
    "jp": "□ □ □ □ □ □"
  },
  {
    "en": "health insurance",
    "jp": "□ □ □ □ □ □"
  },
  {
    "en": "inconvenience",
    "jp": "□ □ □ □ □ □"
  },
  {
    "en": "determine",
    "jp": "□ □ くり返し思い出すこと □ □ 記憶定着|QRコード|すぐ確認"
  },
  {
    "en": "amount to",
    "jp": "□ □ □ □"
  },
  {
    "en": "in some way",
    "jp": "□ □ 聞き流して覚える □ □"
  },
  {
    "en": "be involved in",
    "jp": "□ □ □ □"
  },
  {
    "en": "diet",
    "jp": "□ □ □ □ ©英語漬け.com(えいぷら)2024"
  },
  {
    "en": "matter",
    "jp": "□ □ □ □ □ □"
  },
  {
    "en": "in fashion",
    "jp": "□ □ □ □ □ □"
  },
  {
    "en": "individual",
    "jp": "□ □ □ □ □ □"
  },
  {
    "en": "transportation",
    "jp": "□ □ □ □ □ □"
  },
  {
    "en": "smell",
    "jp": "□ □ □ □ □ □"
  },
  {
    "en": "treatment",
    "jp": "□ □ くり返し思い出すこと □ □ 記憶定着|QRコード|すぐ確認"
  },
  {
    "en": "fee",
    "jp": "□ □ □ □"
  },
  {
    "en": "current",
    "jp": "□ □ 聞き流して覚える □ □"
  },
  {
    "en": "from now on",
    "jp": "□ □ □ □"
  },
  {
    "en": "fill out",
    "jp": "□ □ □ □ ©英語漬け.com(えいぷら)2024"
  },
  {
    "en": "abandon",
    "jp": "□ □ □ □ □ □"
  },
  {
    "en": "range",
    "jp": "□ □ □ □ □ □"
  },
  {
    "en": "revenge",
    "jp": "□ □ □ □ □ □"
  },
  {
    "en": "suspicious",
    "jp": "□ □ □ □ □ □"
  },
  {
    "en": "welfare",
    "jp": "□ □ □ □ □ □"
  },
  {
    "en": "interrupt",
    "jp": "□ □ くり返し思い出すこと □ □ 記憶定着|QRコード|すぐ確認"
  },
  {
    "en": "examine",
    "jp": "□ □ □ □"
  },
  {
    "en": "leisurely",
    "jp": "□ □ 聞き流して覚える □ □"
  },
  {
    "en": "relatively",
    "jp": "□ □ □ □"
  },
  {
    "en": "peel",
    "jp": "□ □ □ □ ©英語漬け.com(えいぷら)2024"
  },
  {
    "en": "complex",
    "jp": "□ □ □ □ □ □"
  },
  {
    "en": "similarly",
    "jp": "□ □ □ □ □ □"
  },
  {
    "en": "opposite",
    "jp": "□ □ □ □ □ □"
  },
  {
    "en": "invention",
    "jp": "□ □ □ □ □ □"
  },
  {
    "en": "commute",
    "jp": "□ □ □ □ □ □"
  },
  {
    "en": "incident",
    "jp": "□ □ くり返し思い出すこと □ □ 記憶定着|QRコード|すぐ確認"
  },
  {
    "en": "maximum",
    "jp": "□ □ □ □"
  },
  {
    "en": "yell",
    "jp": "□ □ 聞き流して覚える □ □"
  },
  {
    "en": "wipe",
    "jp": "□ □ □ □"
  },
  {
    "en": "civilize",
    "jp": "□ □ □ 合って □ ©英語漬け.com(えいぷら)2024"
  },
  {
    "en": "wealthy",
    "jp": "□ □ □ □ □ □"
  },
  {
    "en": "forget",
    "jp": "□ □ □ □ □ □"
  },
  {
    "en": "prove",
    "jp": "□ □ □ □ □ □"
  },
  {
    "en": "generation",
    "jp": "□ □ □ □ □ □"
  },
  {
    "en": "conclude",
    "jp": "□ □ □ □ □ □"
  },
  {
    "en": "put together",
    "jp": "□ □ くり返し思い出すこと □ □ 記憶定着|QRコード|すぐ確認"
  },
  {
    "en": "tourism",
    "jp": "□ □ □ □"
  },
  {
    "en": "commit",
    "jp": "□ □ 聞き流して覚える □ □"
  },
  {
    "en": "maintain",
    "jp": "□ □ □ □"
  },
  {
    "en": "relevant to",
    "jp": "□ □ □ □ ©英語漬け.com(えいぷら)2024"
  },
  {
    "en": "location",
    "jp": "□ □ □ □ □ □"
  },
  {
    "en": "do away with",
    "jp": "□ □ □ □ □ □"
  },
  {
    "en": "neglect",
    "jp": "□ □ □ □ □ □"
  },
  {
    "en": "survive",
    "jp": "□ □ □ □ □ □"
  },
  {
    "en": "donation",
    "jp": "□ □ □ □ □ □"
  },
  {
    "en": "product",
    "jp": "□ □ くり返し思い出すこと □ □ 記憶定着|QRコード|すぐ確認"
  },
  {
    "en": "formal",
    "jp": "□ □ □ □"
  },
  {
    "en": "persuasion",
    "jp": "□ □ 聞き流して覚える □ □"
  },
  {
    "en": "migrate",
    "jp": "□ □ □ □"
  },
  {
    "en": "get away with",
    "jp": "□ □ □ □ ©英語漬け.com(えいぷら)2024"
  },
  {
    "en": "visually",
    "jp": "□ □ □ □ □ □"
  },
  {
    "en": "go after",
    "jp": "□ □ □ □ □ □"
  },
  {
    "en": "direction",
    "jp": "□ □ □ □ □ □"
  },
  {
    "en": "astonish",
    "jp": "□ □ □ □ □ □"
  },
  {
    "en": "at least",
    "jp": "□ □ □ □ □ □"
  },
  {
    "en": "in place",
    "jp": "□ □ くり返し思い出すこと □ □ 記憶定着|QRコード|すぐ確認"
  },
  {
    "en": "finally",
    "jp": "□ □ □ □"
  },
  {
    "en": "frown",
    "jp": "□ □ 聞き流して覚える □ □"
  },
  {
    "en": "overcome",
    "jp": "□ □ □ □"
  },
  {
    "en": "inspire",
    "jp": "□ □ □ □ ©英語漬け.com(えいぷら)2024"
  },
  {
    "en": "agricultural",
    "jp": "□ □ □ □ □ □"
  },
  {
    "en": "quantity",
    "jp": "□ □ □ □ □ □"
  },
  {
    "en": "by means of",
    "jp": "□ □ □ □ □ □"
  },
  {
    "en": "hesitation",
    "jp": "□ □ □ □ □ □"
  },
  {
    "en": "conversation",
    "jp": "□ □ □ □ □ □"
  },
  {
    "en": "catch up with",
    "jp": "□ □ くり返し思い出すこと □ □ 記憶定着|QRコード|すぐ確認"
  },
  {
    "en": "live on",
    "jp": "□ □ □ □"
  },
  {
    "en": "illustration",
    "jp": "□ □ 聞き流して覚える □ □"
  },
  {
    "en": "expect",
    "jp": "□ □ □ □"
  },
  {
    "en": "thermometer",
    "jp": "□ □ □ □ ©英語漬け.com(えいぷら)2024"
  },
  {
    "en": "discovery",
    "jp": "□ □ □ □ □ □"
  },
  {
    "en": "stimulate",
    "jp": "□ □ □ □ □ □"
  },
  {
    "en": "academically",
    "jp": "□ □ □ □ □ □"
  },
  {
    "en": "praise",
    "jp": "□ □ □ □ □ □"
  },
  {
    "en": "truly",
    "jp": "□ □ □ □ □ □"
  },
  {
    "en": "reaction",
    "jp": "□ □ くり返し思い出すこと □ □ 記憶定着|QRコード|すぐ確認"
  },
  {
    "en": "relieve",
    "jp": "□ □ □ □"
  },
  {
    "en": "seek",
    "jp": "□ □ 聞き流して覚える □ □"
  },
  {
    "en": "intervention",
    "jp": "□ □ □ □"
  },
  {
    "en": "whether",
    "jp": "□ □ □ □ ©英語漬け.com(えいぷら)2024"
  },
  {
    "en": "bitter",
    "jp": "□ □ □ □ □ □"
  },
  {
    "en": "prosecution",
    "jp": "□ □ □ □ □ □"
  },
  {
    "en": "drift",
    "jp": "□ □ □ □ □ □"
  },
  {
    "en": "crack",
    "jp": "□ □ □ □ □ □"
  },
  {
    "en": "relation",
    "jp": "□ □ □ □ □ □"
  },
  {
    "en": "assist",
    "jp": "□ □ くり返し思い出すこと □ □ 記憶定着|QRコード|すぐ確認"
  },
  {
    "en": "resolution",
    "jp": "□ □ □ □"
  },
  {
    "en": "welcome",
    "jp": "□ □ 聞き流して覚える □ □"
  },
  {
    "en": "classical",
    "jp": "□ □ □ □"
  },
  {
    "en": "according",
    "jp": "□ □ □ □ ©英語漬け.com(えいぷら)2024"
  },
  {
    "en": "physics",
    "jp": "□ □ □ □ □ □"
  },
  {
    "en": "satisfaction",
    "jp": "□ □ □ □ □ □"
  },
  {
    "en": "possible",
    "jp": "□ □ □ □ □ □"
  },
  {
    "en": "typically",
    "jp": "□ □ □ □ □ □"
  },
  {
    "en": "quite",
    "jp": "□ □ □ □ □ □"
  },
  {
    "en": "especially",
    "jp": "□ □ くり返し思い出すこと □ □ 記憶定着|QRコード|すぐ確認"
  },
  {
    "en": "extent",
    "jp": "□ □ □ □"
  },
  {
    "en": "subject",
    "jp": "□ □ 聞き流して覚える □ □"
  },
  {
    "en": "salary",
    "jp": "□ □ □ □"
  },
  {
    "en": "guide",
    "jp": "□ □ □ □ ©英語漬け.com(えいぷら)2024"
  },
  {
    "en": "nowhere",
    "jp": "□ □ □ □ □ □"
  },
  {
    "en": "pretend",
    "jp": "□ □ □ □ □ □"
  },
  {
    "en": "rape",
    "jp": "□ □ □ □ □ □"
  },
  {
    "en": "tongue",
    "jp": "□ □ □ □ □ □"
  },
  {
    "en": "candidate",
    "jp": "□ □ □ □ □ □"
  },
  {
    "en": "mystery",
    "jp": "□ □ くり返し思い出すこと □ □ 記憶定着|QRコード|すぐ確認"
  },
  {
    "en": "senate",
    "jp": "□ □ □ □"
  },
  {
    "en": "contemporary",
    "jp": "□ □ 聞き流して覚える □ □"
  },
  {
    "en": "fiber",
    "jp": "□ □ □ □"
  },
  {
    "en": "creation",
    "jp": "□ □ □ □ ©英語漬け.com(えいぷら)2024"
  },
  {
    "en": "operation",
    "jp": "□ □ □ □ □ □"
  },
  {
    "en": "pleasant",
    "jp": "□ □ □ □ □ □"
  },
  {
    "en": "ultimate",
    "jp": "□ □ □ □ □ □"
  },
  {
    "en": "originate",
    "jp": "□ □ □ □ □ □"
  },
  {
    "en": "whenever",
    "jp": "□ □ □ □ □ □"
  },
  {
    "en": "exhaust",
    "jp": "□ □ くり返し思い出すこと □ □ 記憶定着|QRコード|すぐ確認"
  },
  {
    "en": "fix",
    "jp": "□ □ □ □"
  },
  {
    "en": "enhance",
    "jp": "□ □ 聞き流して覚える □ □"
  },
  {
    "en": "negotiation",
    "jp": "□ □ □ □"
  },
  {
    "en": "immediate",
    "jp": "□ □ □ □ ©英語漬け.com(えいぷら)2024"
  },
  {
    "en": "urban",
    "jp": "□ □ □ □ □ □"
  },
  {
    "en": "primitive",
    "jp": "□ □ □ □ □ □"
  },
  {
    "en": "afraid",
    "jp": "□ □ □ □ □ □"
  },
  {
    "en": "connect",
    "jp": "□ □ □ □ □ □"
  },
  {
    "en": "language",
    "jp": "□ □ □ □ □ □"
  },
  {
    "en": "servant",
    "jp": "□ □ くり返し思い出すこと □ □ 記憶定着|QRコード|すぐ確認"
  },
  {
    "en": "inflation",
    "jp": "□ □ □ □"
  },
  {
    "en": "Muslim",
    "jp": "□ □ 聞き流して覚える □ □"
  },
  {
    "en": "apply",
    "jp": "□ □ □ □"
  },
  {
    "en": "politics",
    "jp": "□ □ □ □ □ □"
  },
  {
    "en": "lap",
    "jp": "□ □ □ □ □ □"
  },
  {
    "en": "fault",
    "jp": "□ □ □ □ □ □"
  },
  {
    "en": "foreign",
    "jp": "□ □ □ □ □ □"
  },
  {
    "en": "hire",
    "jp": "□ □ □ □ □ □"
  },
  {
    "en": "unknown",
    "jp": "□ □ くり返し思い出すこと □ □ 記憶定着|QRコード|すぐ確認"
  },
  {
    "en": "traditional",
    "jp": "□ □ □ □"
  },
  {
    "en": "liberty",
    "jp": "□ □ 聞き流して覚える □ □"
  },
  {
    "en": "log",
    "jp": "□ □ □ □"
  },
  {
    "en": "courage",
    "jp": "□ □ □ □ ©英語漬け.com(えいぷら)2024"
  },
  {
    "en": "essay",
    "jp": "□ □ □ □ □ □"
  },
  {
    "en": "atomic",
    "jp": "□ □ □ □ □ □"
  },
  {
    "en": "sophisticated",
    "jp": "□ □ □ □ □ □"
  },
  {
    "en": "explain",
    "jp": "□ □ □ □ □ □"
  },
  {
    "en": "plant",
    "jp": "□ □ □ □ □ □"
  },
  {
    "en": "largely",
    "jp": "□ □ くり返し思い出すこと □ □ 記憶定着|QRコード|すぐ確認"
  },
  {
    "en": "bond",
    "jp": "□ □ □ □"
  },
  {
    "en": "authority",
    "jp": "□ □ 聞き流して覚える □ □"
  },
  {
    "en": "adapt",
    "jp": "□ □ □ □"
  },
  {
    "en": "folk",
    "jp": "□ □ □ □ ©英語漬け.com(えいぷら)2024"
  },
  {
    "en": "public",
    "jp": "□ □ □ □ □ □"
  },
  {
    "en": "impact",
    "jp": "□ □ □ □ □ □"
  },
  {
    "en": "author",
    "jp": "□ □ □ □ □ □"
  },
  {
    "en": "presence",
    "jp": "□ □ □ □ □ □"
  },
  {
    "en": "rent",
    "jp": "□ □ □ □ □ □"
  },
  {
    "en": "trust",
    "jp": "□ □ くり返し思い出すこと □ □ 記憶定着|QRコード|すぐ確認"
  },
  {
    "en": "party",
    "jp": "□ □ □ □"
  },
  {
    "en": "pupil",
    "jp": "□ □ 聞き流して覚える □ □"
  },
  {
    "en": "unusual",
    "jp": "□ □ □ □"
  },
  {
    "en": "neighbor",
    "jp": "□ □ □ □ ©英語漬け.com(えいぷら)2024"
  },
  {
    "en": "amendment",
    "jp": "□ □ □ □ □ □"
  },
  {
    "en": "heel",
    "jp": "□ □ □ □ □ □"
  },
  {
    "en": "faith",
    "jp": "□ □ □ □ □ □"
  },
  {
    "en": "agent",
    "jp": "□ □ □ □ □ □"
  },
  {
    "en": "pioneer",
    "jp": "□ □ □ □"
  },
  {
    "en": "humanity",
    "jp": "□ □ □ □"
  },
  {
    "en": "respect",
    "jp": "□ □ □ □"
  },
  {
    "en": "own",
    "jp": "□ □ □ □"
  },
  {
    "en": "hang",
    "jp": "□ □ □ □"
  },
  {
    "en": "present",
    "jp": "□ □ □ □ □ □"
  },
  {
    "en": "agreement",
    "jp": "□ □ □ □ □ □"
  },
  {
    "en": "advocate",
    "jp": "□ □ □ □ □ □"
  },
  {
    "en": "govern",
    "jp": "□ □ □ □ □ □"
  },
  {
    "en": "necessarily",
    "jp": "□ □ □ □ □ □"
  },
  {
    "en": "due",
    "jp": "□ □ くり返し思い出すこと □ □ 記憶定着|QRコード|すぐ確認"
  },
  {
    "en": "extreme",
    "jp": "□ □ □ □"
  },
  {
    "en": "relief",
    "jp": "□ □ 聞き流して覚える □ □"
  },
  {
    "en": "vice",
    "jp": "□ □ □ □"
  },
  {
    "en": "vulnerable",
    "jp": "□ □ □ □ ©英語漬け.com(えいぷら)2024"
  },
  {
    "en": "county",
    "jp": "□ □ □ □ □ □"
  },
  {
    "en": "federal",
    "jp": "□ □ □ □ □ □"
  },
  {
    "en": "commercial",
    "jp": "□ □ □ □ □ □"
  },
  {
    "en": "entire",
    "jp": "□ □ □ □ □ □"
  },
  {
    "en": "brick",
    "jp": "□ □ □ □ □ □"
  },
  {
    "en": "confirm",
    "jp": "□ □ くり返し思い出すこと □ □ 記憶定着|QRコード|すぐ確認"
  },
  {
    "en": "prior",
    "jp": "□ □ □ □"
  },
  {
    "en": "consequence",
    "jp": "□ □ 聞き流して覚える □ □"
  },
  {
    "en": "manufacturer",
    "jp": "□ □ □ □"
  },
  {
    "en": "cruise",
    "jp": "□ □ □ □ ©英語漬け.com(えいぷら)2024"
  },
  {
    "en": "blast",
    "jp": "□ □ □ □ □ □"
  },
  {
    "en": "politician",
    "jp": "□ □ □ □ □ □"
  },
  {
    "en": "merchant",
    "jp": "□ □ □ □ □ □"
  },
  {
    "en": "focus",
    "jp": "□ □ □ □ □ □"
  },
  {
    "en": "universe",
    "jp": "□ □ □ □ □ □"
  },
  {
    "en": "criminal",
    "jp": "□ □ くり返し思い出すこと □ □ 記憶定着|QRコード|すぐ確認"
  },
  {
    "en": "logic",
    "jp": "□ □ □ □"
  },
  {
    "en": "arise",
    "jp": "□ □ 聞き流して覚える □ □"
  },
  {
    "en": "rebel",
    "jp": "□ □ □ □"
  },
  {
    "en": "depress",
    "jp": "□ □ □ □ ©英語漬け.com(えいぷら)2024"
  },
  {
    "en": "reserve",
    "jp": "□ □ □ □ □ □"
  },
  {
    "en": "chest",
    "jp": "□ □ □ □ □ □"
  },
  {
    "en": "proper",
    "jp": "□ □ □ □ □ □"
  },
  {
    "en": "shortly",
    "jp": "□ □ □ □ □ □"
  },
  {
    "en": "psychological",
    "jp": "□ □ □ □ □ □"
  },
  {
    "en": "attract",
    "jp": "□ □ くり返し思い出すこと □ □ 記憶定着|QRコード|すぐ確認"
  },
  {
    "en": "highlight",
    "jp": "□ □ □ □"
  },
  {
    "en": "owe",
    "jp": "□ □ 聞き流して覚える □ □"
  },
  {
    "en": "portion",
    "jp": "□ □ □ □"
  },
  {
    "en": "buyer",
    "jp": "□ □ □ □ ©英語漬け.com(えいぷら)2024"
  },
  {
    "en": "income",
    "jp": "□ □ □ □ □ □"
  },
  {
    "en": "impressive",
    "jp": "□ □ □ □ □ □"
  },
  {
    "en": "executive",
    "jp": "□ □ □ □ □ □"
  },
  {
    "en": "proposed",
    "jp": "□ □ □ □ □ □"
  },
  {
    "en": "personality",
    "jp": "□ □ □ □ □ □"
  },
  {
    "en": "girlfriend",
    "jp": "□ □ くり返し思い出すこと □ □ 記憶定着|QRコード|すぐ確認"
  },
  {
    "en": "narrow",
    "jp": "□ □ □ □"
  },
  {
    "en": "divorce",
    "jp": "□ □ 聞き流して覚える □ □"
  },
  {
    "en": "emphasis",
    "jp": "□ □ □ □"
  },
  {
    "en": "inhabitant",
    "jp": "□ □ □ □ ©英語漬け.com(えいぷら)2024"
  },
  {
    "en": "dealer",
    "jp": "□ □ □ □ □ □"
  },
  {
    "en": "comparison",
    "jp": "□ □ □ □ □ □"
  },
  {
    "en": "republic",
    "jp": "□ □ □ □ □ □"
  },
  {
    "en": "department",
    "jp": "□ □ □ □ □ □"
  },
  {
    "en": "isolate",
    "jp": "□ □ □ □ □ □"
  },
  {
    "en": "regarding",
    "jp": "□ □ くり返し思い出すこと □ □ 記憶定着|QRコード|すぐ確認"
  },
  {
    "en": "alive",
    "jp": "□ □ □ □"
  },
  {
    "en": "dramatic",
    "jp": "□ □ 聞き流して覚える □ □"
  },
  {
    "en": "approval",
    "jp": "□ □ □ □"
  },
  {
    "en": "activist",
    "jp": "□ □ □ □ ©英語漬け.com(えいぷら)2024"
  },
  {
    "en": "automobile",
    "jp": "□ □ □ □ □ □"
  },
  {
    "en": "publication",
    "jp": "□ □ □ □ □ □"
  },
  {
    "en": "contrast",
    "jp": "□ □ □ □ □ □"
  },
  {
    "en": "lack",
    "jp": "□ □ □ □ □ □"
  },
  {
    "en": "cop",
    "jp": "□ □ □ □ □ □"
  },
  {
    "en": "observer",
    "jp": "□ □ くり返し思い出すこと □ □ 記憶定着|QRコード|すぐ確認"
  },
  {
    "en": "investment",
    "jp": "□ □ □ □"
  },
  {
    "en": "scientific",
    "jp": "□ □ 聞き流して覚える □ □"
  },
  {
    "en": "moral",
    "jp": "□ □ □ □"
  },
  {
    "en": "remarkable",
    "jp": "□ □ □ □ ©英語漬け.com(えいぷら)2024"
  },
  {
    "en": "length",
    "jp": "□ □ □ □ □ □"
  },
  {
    "en": "satellite",
    "jp": "□ □ □ □ □ □"
  },
  {
    "en": "fundamental",
    "jp": "□ □ □ □ □ □"
  },
  {
    "en": "virtually",
    "jp": "□ □ □ □ □ □"
  },
  {
    "en": "profession",
    "jp": "□ □ □ □ □ □"
  },
  {
    "en": "given",
    "jp": "□ □ くり返し思い出すこと □ □ 記憶定着|QRコード|すぐ確認"
  },
  {
    "en": "mainly",
    "jp": "□ □ □ □"
  },
  {
    "en": "cave",
    "jp": "□ □ 聞き流して覚える □ □"
  },
  {
    "en": "wisdom",
    "jp": "□ □ □ □"
  },
  {
    "en": "scholar",
    "jp": "□ □ □ □ ©英語漬け.com(えいぷら)2024"
  },
  {
    "en": "contract",
    "jp": "□ □ □ □ □ □"
  },
  {
    "en": "court",
    "jp": "□ □ □ □ □ □"
  },
  {
    "en": "generate",
    "jp": "□ □ □ □ □ □"
  },
  {
    "en": "fire",
    "jp": "□ □ □ □ □ □"
  },
  {
    "en": "entitle",
    "jp": "□ □ □ □ □ □"
  },
  {
    "en": "pit",
    "jp": "□ □ □ □"
  },
  {
    "en": "critical",
    "jp": "□ □ □ □"
  },
  {
    "en": "flood",
    "jp": "□ □ □ □"
  },
  {
    "en": "wear",
    "jp": "□ □ □ □"
  },
  {
    "en": "import",
    "jp": "□ □ □ □"
  },
  {
    "en": "investigation",
    "jp": "□ □ □ □ □ □"
  },
  {
    "en": "investor",
    "jp": "□ □ □ □ □ □"
  },
  {
    "en": "regulation",
    "jp": "□ □ □ □ □ □"
  },
  {
    "en": "fate",
    "jp": "□ □ □ □ □ □"
  },
  {
    "en": "object",
    "jp": "□ □ □ □ □ □"
  },
  {
    "en": "judge",
    "jp": "□ □ くり返し思い出すこと □ □ 記憶定着|QRコード|すぐ確認"
  },
  {
    "en": "release",
    "jp": "□ □ □ □"
  },
  {
    "en": "literary",
    "jp": "□ □ 聞き流して覚える □ □"
  },
  {
    "en": "alliance",
    "jp": "□ □ □ □"
  },
  {
    "en": "comedy",
    "jp": "□ □ □ □ ©英語漬け.com(えいぷら)2024"
  },
  {
    "en": "alike",
    "jp": "□ □ □ □ □ □"
  },
  {
    "en": "educate",
    "jp": "□ □ □ □ □ □"
  },
  {
    "en": "exactly",
    "jp": "□ □ □ □ □ □"
  },
  {
    "en": "extend",
    "jp": "□ □ □ □ □ □"
  },
  {
    "en": "remaining",
    "jp": "□ □ □ □ □ □"
  },
  {
    "en": "portrait",
    "jp": "□ □ くり返し思い出すこと □ □ 記憶定着|QRコード|すぐ確認"
  },
  {
    "en": "absence",
    "jp": "□ □ □ □"
  },
  {
    "en": "primary",
    "jp": "□ □ 聞き流して覚える □ □"
  },
  {
    "en": "interpretation",
    "jp": "□ □ □ □"
  },
  {
    "en": "tribe",
    "jp": "□ □ □ □ ©英語漬け.com(えいぷら)2024"
  },
  {
    "en": "commodity",
    "jp": "□ □ □ □ □ □"
  },
  {
    "en": "distort",
    "jp": "□ □ □ □ □ □"
  },
  {
    "en": "obsession",
    "jp": "□ □ □ □ □ □"
  },
  {
    "en": "rule out",
    "jp": "□ □ □ □ □ □"
  },
  {
    "en": "sue",
    "jp": "□ □ □ □"
  },
  {
    "en": "get rif of",
    "jp": "□ □ □ □"
  },
  {
    "en": "as far as I know",
    "jp": "□ □ □ □"
  },
  {
    "en": "as if",
    "jp": "□ □ □ □"
  },
  {
    "en": "slavery",
    "jp": "□ □ □ □"
  },
  {
    "en": "reasonable",
    "jp": "□ □ □ □ □ □"
  },
  {
    "en": "accommodate",
    "jp": "□ □ □ □ □ □"
  },
  {
    "en": "aisle",
    "jp": "□ □ □ □ □ □"
  },
  {
    "en": "due to",
    "jp": "□ □ □ □ □ □"
  },
  {
    "en": "toll",
    "jp": "□ □ □ □ □ □"
  },
  {
    "en": "put up with",
    "jp": "□ □ くり返し思い出すこと □ □ 記憶定着|QRコード|すぐ確認"
  },
  {
    "en": "induce",
    "jp": "□ □ □ □"
  },
  {
    "en": "withstand",
    "jp": "□ □ 聞き流して覚える □ □"
  },
  {
    "en": "fraction",
    "jp": "□ □ □ □"
  },
  {
    "en": "retail",
    "jp": "□ □ □ □ ©英語漬け.com(えいぷら)2024"
  }
]