[
  {
    "en": "the",
    "jp": "□ □ □ □ □ □"
  },
  {
    "en": "my",
    "jp": "□ □ □ □ □ □"
  },
  {
    "en": "do",
    "jp": "□ □ □ □ □ □"
  },
  {
    "en": "in",
    "jp": "□ □ □ □ □ □"
  },
  {
    "en": "he",
    "jp": "□ □ □ □ □ □"
  },
  {
    "en": "mother",
    "jp": "□ □ □ □"
  },
  {
    "en": "name",
    "jp": "□ □ □ □"
  },
  {
    "en": "school",
    "jp": "□ □ □ □"
  },
  {
    "en": "all",
    "jp": "□ □ □ □"
  },
  {
    "en": "old",
    "jp": "□ □ □ □"
  },
  {
    "en": "morning",
    "jp": "□ □ □ □ □ □"
  },
  {
    "en": "run",
    "jp": "□ □ □ □ □ □"
  },
  {
    "en": "fish",
    "jp": "□ □ □ □ □ □"
  },
  {
    "en": "have",
    "jp": "□ □ □ □ □ □"
  },
  {
    "en": "know",
    "jp": "□ □ □ □ □ □"
  },
  {
    "en": "book",
    "jp": "□ □ くり返し思い出すこと □ □ 記憶定着|QRコード|すぐ確認"
  },
  {
    "en": "stop",
    "jp": "□ □ □ □"
  },
  {
    "en": "three",
    "jp": "□ □ 聞き流して覚える □ □"
  },
  {
    "en": "please",
    "jp": "□ □ □ □"
  },
  {
    "en": "meet",
    "jp": "□ □ □ □"
  },
  {
    "en": "hot",
    "jp": "□ □ □ □ □ □"
  },
  {
    "en": "garbage",
    "jp": "□ □ □ □ □ □"
  },
  {
    "en": "thirty",
    "jp": "□ □ □ □ □ □"
  },
  {
    "en": "Saturday",
    "jp": "□ □ □ □ □ □"
  },
  {
    "en": "fourteen",
    "jp": "□ □ □ □ □ □"
  },
  {
    "en": "enjoy",
    "jp": "□ □ くり返し思い出すこと □ □ 記憶定着|QRコード|すぐ確認"
  },
  {
    "en": "nineteen",
    "jp": "□ □ □ □"
  },
  {
    "en": "night",
    "jp": "□ □ 聞き流して覚える □ □"
  },
  {
    "en": "car",
    "jp": "□ □ □ □"
  },
  {
    "en": "March",
    "jp": "□ □ □ □"
  },
  {
    "en": "summer",
    "jp": "□ □ □ □ □ □"
  },
  {
    "en": "dog",
    "jp": "□ □ □ □ □ □"
  },
  {
    "en": "eighty",
    "jp": "□ □ □ □ □ □"
  },
  {
    "en": "friend",
    "jp": "□ □ □ □ □ □"
  },
  {
    "en": "busy",
    "jp": "□ □ □ □ □ □"
  },
  {
    "en": "live",
    "jp": "□ □ くり返し思い出すこと □ □ 記憶定着|QRコード|すぐ確認"
  },
  {
    "en": "not",
    "jp": "□ □ □ □"
  },
  {
    "en": "way",
    "jp": "□ □ 聞き流して覚える □ □"
  },
  {
    "en": "stand",
    "jp": "□ □ □ □"
  },
  {
    "en": "easy",
    "jp": "□ □ □ □"
  },
  {
    "en": "girl",
    "jp": "□ □ □ □ □ □"
  },
  {
    "en": "too",
    "jp": "□ □ □ □ □ □"
  },
  {
    "en": "player",
    "jp": "□ □ □ □ □ □"
  },
  {
    "en": "egg",
    "jp": "□ □ □ □ □ □"
  },
  {
    "en": "forty",
    "jp": "□ □ □ □ □ □"
  },
  {
    "en": "breakfast",
    "jp": "□ □ くり返し思い出すこと □ □ 記憶定着|QRコード|すぐ確認"
  },
  {
    "en": "number",
    "jp": "□ □ □ □"
  },
  {
    "en": "famous",
    "jp": "□ □ 聞き流して覚える □ □"
  },
  {
    "en": "sad",
    "jp": "□ □ □ □"
  },
  {
    "en": "eight",
    "jp": "□ □ □ □"
  },
  {
    "en": "body",
    "jp": "□ □ □ □ □ □"
  },
  {
    "en": "musician",
    "jp": "□ □ □ □ □ □"
  },
  {
    "en": "fall",
    "jp": "□ □ □ □ □ □"
  },
  {
    "en": "and",
    "jp": "□ □ □ □ □ □"
  },
  {
    "en": "water",
    "jp": "□ □ □ □ □ □"
  },
  {
    "en": "chicken",
    "jp": "□ □ くり返し思い出すこと □ □ 記憶定着|QRコード|すぐ確認"
  },
  {
    "en": "rainy",
    "jp": "□ □ □ □"
  },
  {
    "en": "bridge",
    "jp": "□ □ 聞き流して覚える □ □"
  },
  {
    "en": "fun",
    "jp": "□ □ □ □"
  },
  {
    "en": "great",
    "jp": "□ □ □ □"
  },
  {
    "en": "hat",
    "jp": "□ □ □ □ □ □"
  },
  {
    "en": "excuse",
    "jp": "□ □ □ □ □ □"
  },
  {
    "en": "trip",
    "jp": "□ □ □ □ □ □"
  },
  {
    "en": "take",
    "jp": "□ □ □ □ □ □"
  },
  {
    "en": "life",
    "jp": "□ □ □ □ □ □"
  },
  {
    "en": "wonderful",
    "jp": "□ □ くり返し思い出すこと □ □ 記憶定着|QRコード|すぐ確認"
  },
  {
    "en": "classroom",
    "jp": "□ □ □ □"
  },
  {
    "en": "shoulder",
    "jp": "□ □ 聞き流して覚える □ □"
  },
  {
    "en": "food",
    "jp": "□ □ □ □"
  },
  {
    "en": "king",
    "jp": "□ □ □ □"
  },
  {
    "en": "cute",
    "jp": "□ □ □ □ □ □"
  },
  {
    "en": "funny",
    "jp": "□ □ □ □ □ □"
  },
  {
    "en": "third",
    "jp": "□ □ □ □ □ □"
  },
  {
    "en": "delicious",
    "jp": "□ □ □ □ □ □"
  },
  {
    "en": "beach",
    "jp": "□ □ □ □ □ □"
  },
  {
    "en": "who",
    "jp": "□ □ くり返し思い出すこと □ □ 記憶定着|QRコード|すぐ確認"
  },
  {
    "en": "am",
    "jp": "□ □ □ □"
  },
  {
    "en": "under",
    "jp": "□ □ 聞き流して覚える □ □"
  },
  {
    "en": "from",
    "jp": "□ □ □ □"
  },
  {
    "en": "learn about",
    "jp": "□ □ □ □"
  },
  {
    "en": "and so on",
    "jp": "□ □ □ □ □ □"
  },
  {
    "en": "say again",
    "jp": "□ □ □ □ □ □"
  },
  {
    "en": "worry about",
    "jp": "□ □ □ □ □ □"
  },
  {
    "en": "with a smile",
    "jp": "□ □ □ □ □ □"
  },
  {
    "en": "entrance ceremony",
    "jp": "□ □ □ □"
  },
  {
    "en": "sweet",
    "jp": "□ □ □ □"
  },
  {
    "en": "junior high school",
    "jp": "□ □ □ □"
  },
  {
    "en": "go back to",
    "jp": "□ □ □ □"
  },
  {
    "en": "tiger",
    "jp": "□ □ □ □"
  }
]