[
  {
    "en": "people",
    "jp": "□ □ □ □ □ □"
  },
  {
    "en": "last",
    "jp": "□ □ □ □ □ □"
  },
  {
    "en": "each",
    "jp": "□ □ □ □ □ □"
  },
  {
    "en": "talk",
    "jp": "□ □ □ □ □ □"
  },
  {
    "en": "own",
    "jp": "□ □ □ □ □ □"
  },
  {
    "en": "rest",
    "jp": "□ □ □ □"
  },
  {
    "en": "tea",
    "jp": "□ □ □ □"
  },
  {
    "en": "art",
    "jp": "□ □ □ □"
  },
  {
    "en": "take",
    "jp": "□ □ □ □"
  },
  {
    "en": "rain",
    "jp": "□ □ □ □"
  },
  {
    "en": "understand",
    "jp": "□ □ □ □ □ □"
  },
  {
    "en": "popular",
    "jp": "□ □ □ □ □ □"
  },
  {
    "en": "usual",
    "jp": "□ □ □ □ □ □"
  },
  {
    "en": "market",
    "jp": "□ □ □ □ □ □"
  },
  {
    "en": "remember",
    "jp": "□ □ □ □ □ □"
  },
  {
    "en": "sure",
    "jp": "□ □ くり返し思い出すこと □ □ 記憶定着|QRコード|すぐ確認"
  },
  {
    "en": "mean",
    "jp": "□ □ □ □"
  },
  {
    "en": "lake",
    "jp": "□ □ 聞き流して覚える □ □"
  },
  {
    "en": "spend",
    "jp": "□ □ □ □"
  },
  {
    "en": "wear",
    "jp": "□ □ □ □"
  },
  {
    "en": "grandmother",
    "jp": "□ □ □ □ □ □"
  },
  {
    "en": "hill",
    "jp": "□ □ □ □ □ □"
  },
  {
    "en": "draw",
    "jp": "□ □ □ □ □ □"
  },
  {
    "en": "wind",
    "jp": "□ □ □ □ □ □"
  },
  {
    "en": "pork",
    "jp": "□ □ □ □ □ □"
  },
  {
    "en": "inside",
    "jp": "□ □ くり返し思い出すこと □ □ 記憶定着|QRコード|すぐ確認"
  },
  {
    "en": "roof",
    "jp": "□ □ □ □"
  },
  {
    "en": "past",
    "jp": "□ □ 聞き流して覚える □ □"
  },
  {
    "en": "sugar",
    "jp": "□ □ □ □"
  },
  {
    "en": "wood",
    "jp": "□ □ □ □"
  },
  {
    "en": "watched",
    "jp": "□ □ □ □ □ □"
  },
  {
    "en": "they",
    "jp": "□ □ □ □ □ □"
  },
  {
    "en": "realize",
    "jp": "□ □ □ □ □ □"
  },
  {
    "en": "forth",
    "jp": "□ □ □ □ □ □"
  },
  {
    "en": "honest",
    "jp": "□ □ □ □ □ □"
  },
  {
    "en": "zoo",
    "jp": "□ □ くり返し思い出すこと □ □ 記憶定着|QRコード|すぐ確認"
  },
  {
    "en": "then",
    "jp": "□ □ □ □"
  },
  {
    "en": "when",
    "jp": "□ □ 聞き流して覚える □ □"
  },
  {
    "en": "yours",
    "jp": "□ □ □ □"
  },
  {
    "en": "weak",
    "jp": "□ □ □ □"
  },
  {
    "en": "fat",
    "jp": "□ □ □ □ □ □"
  },
  {
    "en": "it",
    "jp": "□ □ □ □ □ □"
  },
  {
    "en": "studied",
    "jp": "□ □ □ □ □ □"
  },
  {
    "en": "worried",
    "jp": "□ □ □ □ □ □"
  },
  {
    "en": "guess",
    "jp": "□ □ □ □ □ □"
  },
  {
    "en": "fruit",
    "jp": "□ □ くり返し思い出すこと □ □ 記憶定着|QRコード|すぐ確認"
  },
  {
    "en": "soup",
    "jp": "□ □ □ □"
  },
  {
    "en": "science",
    "jp": "□ □ 聞き流して覚える □ □"
  },
  {
    "en": "station",
    "jp": "□ □ □ □"
  },
  {
    "en": "cake",
    "jp": "□ □ □ □"
  },
  {
    "en": "Do",
    "jp": "□ □ □ □ □ □"
  },
  {
    "en": "strong",
    "jp": "□ □ □ □ □ □"
  },
  {
    "en": "head",
    "jp": "□ □ □ □ □ □"
  },
  {
    "en": "culture",
    "jp": "□ □ □ □ □ □"
  },
  {
    "en": "homework",
    "jp": "□ □ □ □ □ □"
  },
  {
    "en": "fast",
    "jp": "□ □ くり返し思い出すこと □ □ 記憶定着|QRコード|すぐ確認"
  },
  {
    "en": "school",
    "jp": "□ □ □ □"
  },
  {
    "en": "speak",
    "jp": "□ □ 聞き流して覚える □ □"
  },
  {
    "en": "ten",
    "jp": "□ □ □ □"
  },
  {
    "en": "hospital",
    "jp": "□ □ □ □"
  },
  {
    "en": "temple",
    "jp": "□ □ □ □ □ □"
  },
  {
    "en": "hand",
    "jp": "□ □ □ □ □ □"
  },
  {
    "en": "flower",
    "jp": "□ □ □ □ □ □"
  },
  {
    "en": "get",
    "jp": "□ □ □ □ □ □"
  },
  {
    "en": "February",
    "jp": "□ □ □ □ □ □"
  },
  {
    "en": "umbrella",
    "jp": "□ □ くり返し思い出すこと □ □ 記憶定着|QRコード|すぐ確認"
  },
  {
    "en": "with",
    "jp": "□ □ □ □"
  },
  {
    "en": "thirteen",
    "jp": "□ □ 聞き流して覚える □ □"
  },
  {
    "en": "who",
    "jp": "□ □ □ □"
  },
  {
    "en": "My",
    "jp": "□ □ □ □"
  },
  {
    "en": "welcome",
    "jp": "□ □ □ □ □ □"
  },
  {
    "en": "wonderful",
    "jp": "□ □ □ □ □ □"
  },
  {
    "en": "year",
    "jp": "□ □ □ □ □ □"
  },
  {
    "en": "low",
    "jp": "□ □ □ □ □ □"
  },
  {
    "en": "history",
    "jp": "□ □ □ □ □ □"
  },
  {
    "en": "beer",
    "jp": "□ □ くり返し思い出すこと □ □ 記憶定着|QRコード|すぐ確認"
  },
  {
    "en": "large",
    "jp": "□ □ □ □"
  },
  {
    "en": "begin",
    "jp": "□ □ 聞き流して覚える □ □"
  },
  {
    "en": "December",
    "jp": "□ □ □ □"
  },
  {
    "en": "all",
    "jp": "□ □ □ □"
  },
  {
    "en": "way",
    "jp": "□ □ □ □ □ □"
  },
  {
    "en": "say again",
    "jp": "□ □ □ □ □ □"
  },
  {
    "en": "most of",
    "jp": "□ □ □ □ □ □"
  },
  {
    "en": "number",
    "jp": "□ □ □ □ □ □"
  },
  {
    "en": "listen to",
    "jp": "□ □ □ □ □ □"
  },
  {
    "en": "and",
    "jp": "□ □ くり返し思い出すこと □ □ 記憶定着|QRコード|すぐ確認"
  },
  {
    "en": "November",
    "jp": "□ □ □ □"
  },
  {
    "en": "become",
    "jp": "□ □ 聞き流して覚える □ □"
  },
  {
    "en": "country",
    "jp": "□ □ □ □"
  },
  {
    "en": "bookstore",
    "jp": "□ □ □ □"
  },
  {
    "en": "look at",
    "jp": "□ □ □ □ □ □"
  },
  {
    "en": "airport",
    "jp": "□ □ □ □ □ □"
  },
  {
    "en": "cold",
    "jp": "□ □ □ □ □ □"
  },
  {
    "en": "though",
    "jp": "□ □ □ □ □ □"
  },
  {
    "en": "borrow",
    "jp": "□ □ □ □ □ □"
  },
  {
    "en": "from the experience",
    "jp": "□ □ くり返し思い出すこと □ □ 記憶定着|QRコード|すぐ確認"
  },
  {
    "en": "hard",
    "jp": "□ □ □ □"
  },
  {
    "en": "problem",
    "jp": "□ □ 聞き流して覚える □ □"
  },
  {
    "en": "seventeen",
    "jp": "□ □ □ □"
  },
  {
    "en": "by bus",
    "jp": "□ □ □ □"
  },
  {
    "en": "poem",
    "jp": "□ □ □ □ □ □"
  },
  {
    "en": "kind to",
    "jp": "□ □ □ □ □ □"
  },
  {
    "en": "box",
    "jp": "□ □ □ □ □ □"
  },
  {
    "en": "ate",
    "jp": "□ □ □ □ □ □"
  },
  {
    "en": "every minutes",
    "jp": "□ □ □ □"
  },
  {
    "en": "work for",
    "jp": "□ □ □ □"
  },
  {
    "en": "live in",
    "jp": "□ □ □ □"
  },
  {
    "en": "me",
    "jp": "□ □ □ □"
  },
  {
    "en": "die",
    "jp": "□ □ □ □"
  },
  {
    "en": "stay up",
    "jp": "□ □ □ □ □ □"
  },
  {
    "en": "autumn",
    "jp": "□ □ □ □ □ □"
  },
  {
    "en": "classmate",
    "jp": "□ □ □ □ □ □"
  },
  {
    "en": "hall",
    "jp": "□ □ □ □ □ □"
  },
  {
    "en": "bath",
    "jp": "□ □ □ □ □ □"
  },
  {
    "en": "clean",
    "jp": "□ □ くり返し思い出すこと □ □ 記憶定着|QRコード|すぐ確認"
  },
  {
    "en": "knee",
    "jp": "□ □ □ □"
  },
  {
    "en": "sixty",
    "jp": "□ □ 聞き流して覚える □ □"
  },
  {
    "en": "much",
    "jp": "□ □ □ □"
  },
  {
    "en": "time",
    "jp": "□ □ □ □"
  },
  {
    "en": "for here",
    "jp": "□ □ □ □ □ □"
  },
  {
    "en": "search for",
    "jp": "□ □ □ □ □ □"
  },
  {
    "en": "on your right",
    "jp": "□ □ □ □ □ □"
  },
  {
    "en": "classroom",
    "jp": "□ □ □ □ □ □"
  },
  {
    "en": "Monday",
    "jp": "□ □ □ □ □ □"
  },
  {
    "en": "them",
    "jp": "□ □ くり返し思い出すこと □ □ 記憶定着|QRコード|すぐ確認"
  },
  {
    "en": "newspaper",
    "jp": "□ □ □ □"
  },
  {
    "en": "ruler",
    "jp": "□ □ 聞き流して覚える □ □"
  },
  {
    "en": "really",
    "jp": "□ □ □ □"
  },
  {
    "en": "understood",
    "jp": "□ □ □ □"
  },
  {
    "en": "dog",
    "jp": "□ □ □ □ □ □"
  },
  {
    "en": "stand by",
    "jp": "□ □ □ □ □ □"
  },
  {
    "en": "June",
    "jp": "□ □ □ □ □ □"
  },
  {
    "en": "jump",
    "jp": "□ □ □ □ □ □"
  },
  {
    "en": "memory",
    "jp": "□ □ □ □ □ □"
  },
  {
    "en": "even",
    "jp": "□ □ くり返し思い出すこと □ □ 記憶定着|QRコード|すぐ確認"
  },
  {
    "en": "out",
    "jp": "□ □ □ □"
  },
  {
    "en": "exam",
    "jp": "□ □ 聞き流して覚える □ □"
  },
  {
    "en": "learn a lot from",
    "jp": "□ □ □ □"
  },
  {
    "en": "hungry",
    "jp": "□ □ □ □"
  },
  {
    "en": "bean",
    "jp": "□ □ □ □ □ □"
  },
  {
    "en": "apple",
    "jp": "□ □ □ □ □ □"
  },
  {
    "en": "mother",
    "jp": "□ □ □ □ □ □"
  },
  {
    "en": "mouse",
    "jp": "□ □ □ □ □ □"
  },
  {
    "en": "feel",
    "jp": "□ □ □ □"
  },
  {
    "en": "help with",
    "jp": "□ □ □ □"
  },
  {
    "en": "even so",
    "jp": "□ □ □ □"
  },
  {
    "en": "live abroad",
    "jp": "□ □ □ □"
  },
  {
    "en": "get tired",
    "jp": "□ □ □ □"
  },
  {
    "en": "check",
    "jp": "□ □ □ □"
  }
]