[
  {
    "en": "weekend",
    "jp": "□ □ □ □ □ □"
  },
  {
    "en": "still",
    "jp": "□ □ □ □ □ □"
  },
  {
    "en": "practice",
    "jp": "□ □ □ □ □ □"
  },
  {
    "en": "enjoy",
    "jp": "□ □ □ □ □ □"
  },
  {
    "en": "sell",
    "jp": "□ □ □ □ □ □"
  },
  {
    "en": "join",
    "jp": "□ □ □ □"
  },
  {
    "en": "so",
    "jp": "□ □ こと □ □"
  },
  {
    "en": "enough",
    "jp": "□ □ □ □"
  },
  {
    "en": "different",
    "jp": "□ □ □ □"
  },
  {
    "en": "invite",
    "jp": "□ □ □ □"
  },
  {
    "en": "how about",
    "jp": "□ □ □ □"
  },
  {
    "en": "nervous",
    "jp": "□ □ □ □ □ □"
  },
  {
    "en": "weather",
    "jp": "□ □ □ □ □ □"
  },
  {
    "en": "have to",
    "jp": "□ □ □ □ □ □"
  },
  {
    "en": "carry",
    "jp": "□ □ □ □ □ □"
  },
  {
    "en": "need to",
    "jp": "□ □ □ □ □ □"
  },
  {
    "en": "arrive",
    "jp": "□ □ くり返し □ □ 記憶定着|QRコード|すぐ確認"
  },
  {
    "en": "borrow",
    "jp": "□ □ □ □"
  },
  {
    "en": "break",
    "jp": "□ □ □ □"
  },
  {
    "en": "usually",
    "jp": "□ □ □ □"
  },
  {
    "en": "exciting",
    "jp": "□ □ □ □ □ □"
  },
  {
    "en": "make",
    "jp": "□ □ □ □ □ □"
  },
  {
    "en": "guess",
    "jp": "□ □ □ □ □ □"
  },
  {
    "en": "July",
    "jp": "□ □ □ □ □ □"
  },
  {
    "en": "pay",
    "jp": "□ □ □ □ □ □"
  },
  {
    "en": "sold out",
    "jp": "□ □ くり返し □ □ 記憶定着|QRコード|すぐ確認"
  },
  {
    "en": "March",
    "jp": "□ □ □ □"
  },
  {
    "en": "university",
    "jp": "□ □ □ □"
  },
  {
    "en": "people",
    "jp": "□ □ □ □"
  },
  {
    "en": "how",
    "jp": "□ □ □ □ □ □"
  },
  {
    "en": "once",
    "jp": "□ □ □ □ □ □"
  },
  {
    "en": "salt",
    "jp": "□ □ □ □ □ □"
  },
  {
    "en": "notice",
    "jp": "□ □ □ □ □ □"
  },
  {
    "en": "accident",
    "jp": "□ □ □ □ □ □"
  },
  {
    "en": "star",
    "jp": "□ □ くり返し □ □ 記憶定着|QRコード|すぐ確認"
  },
  {
    "en": "late",
    "jp": "□ □ □ □"
  },
  {
    "en": "food",
    "jp": "□ □ □ □"
  },
  {
    "en": "clean",
    "jp": "□ □ □ □"
  },
  {
    "en": "drink",
    "jp": "□ □ □ □ □ □"
  },
  {
    "en": "busy",
    "jp": "□ □ □ □ □ □"
  },
  {
    "en": "cloudy",
    "jp": "□ □ □ □ □ □"
  },
  {
    "en": "think",
    "jp": "□ □ □ □ □ □"
  },
  {
    "en": "become",
    "jp": "□ □ □ □ □ □"
  },
  {
    "en": "without",
    "jp": "□ □ くり返し □ □ 記憶定着|QRコード|すぐ確認"
  },
  {
    "en": "since",
    "jp": "□ □ □ □"
  },
  {
    "en": "turn on",
    "jp": "□ □ □ □"
  },
  {
    "en": "buy",
    "jp": "□ □ □ □"
  },
  {
    "en": "taste",
    "jp": "□ □ □ □ □ □"
  },
  {
    "en": "in fact",
    "jp": "□ □ □ □ □ □"
  },
  {
    "en": "boil",
    "jp": "□ □ □ □ □ □"
  },
  {
    "en": "grew",
    "jp": "□ □ □ □ □ □"
  },
  {
    "en": "letter",
    "jp": "□ □ □ □ □ □"
  },
  {
    "en": "Friday",
    "jp": "□ □ くり返し □ □ 記憶定着|QRコード|すぐ確認"
  },
  {
    "en": "Wednesday",
    "jp": "□ □ □ □"
  },
  {
    "en": "piece",
    "jp": "□ □ □ □"
  },
  {
    "en": "understand",
    "jp": "□ □ □ □"
  },
  {
    "en": "anywhere",
    "jp": "□ □ □ □ □ □"
  },
  {
    "en": "breakfast",
    "jp": "□ □ □ □ □ □"
  },
  {
    "en": "dinner",
    "jp": "□ □ □ □ □ □"
  },
  {
    "en": "around",
    "jp": "□ □ □ □ □ □"
  },
  {
    "en": "school festival",
    "jp": "□ □ □ □ □ □"
  },
  {
    "en": "share",
    "jp": "□ □ くり返し □ □ 記憶定着|QRコード|すぐ確認"
  },
  {
    "en": "receive",
    "jp": "□ □ □ □"
  },
  {
    "en": "theater",
    "jp": "□ □ □ □"
  },
  {
    "en": "attend",
    "jp": "□ □ □ □"
  },
  {
    "en": "judge",
    "jp": "□ □ □ □ □ □"
  },
  {
    "en": "reach",
    "jp": "□ □ □ □ □ □"
  },
  {
    "en": "a few",
    "jp": "□ □ □ □ □ □"
  },
  {
    "en": "November",
    "jp": "□ □ □ □ □ □"
  },
  {
    "en": "support",
    "jp": "□ □ □ □ □ □"
  },
  {
    "en": "forget",
    "jp": "□ □ くり返し □ □ 記憶定着|QRコード|すぐ確認"
  },
  {
    "en": "tooth",
    "jp": "□ □ □ □"
  },
  {
    "en": "airline",
    "jp": "□ □ □ □"
  },
  {
    "en": "river",
    "jp": "□ □ □ □"
  },
  {
    "en": "however",
    "jp": "□ □ □ □ □ □"
  },
  {
    "en": "interest",
    "jp": "□ □ □ □ □ □"
  },
  {
    "en": "speak",
    "jp": "□ □ □ □ □ □"
  },
  {
    "en": "for free",
    "jp": "□ □ □ □ □ □"
  },
  {
    "en": "correct",
    "jp": "□ □ □ □ □ □"
  },
  {
    "en": "probably",
    "jp": "□ □ くり返し □ □ 記憶定着|QRコード|すぐ確認"
  },
  {
    "en": "tradition",
    "jp": "□ □ □ □"
  },
  {
    "en": "color",
    "jp": "□ □ □ □"
  },
  {
    "en": "sun",
    "jp": "□ □ □ □"
  },
  {
    "en": "island",
    "jp": "□ □ □ □ □ □"
  },
  {
    "en": "beginning",
    "jp": "□ □ □ □ □ □"
  },
  {
    "en": "in season",
    "jp": "□ □ □ □ □ □"
  },
  {
    "en": "fool",
    "jp": "□ □ □ □ □ □"
  },
  {
    "en": "address",
    "jp": "□ □ □ □ □ □"
  },
  {
    "en": "lie",
    "jp": "□ □ □ □"
  },
  {
    "en": "help with",
    "jp": "□ □ □ □"
  },
  {
    "en": "in advance",
    "jp": "□ □ □ □"
  },
  {
    "en": "independence",
    "jp": "□ □ □ □"
  },
  {
    "en": "shelter",
    "jp": "□ □ □ □ □ □"
  },
  {
    "en": "crowd",
    "jp": "□ □ □ □ □ □"
  },
  {
    "en": "by bus",
    "jp": "□ □ □ □ □ □"
  },
  {
    "en": "every minutes",
    "jp": "□ □ □ □ □ □"
  },
  {
    "en": "at most",
    "jp": "□ □ □ □ □ □"
  },
  {
    "en": "beer",
    "jp": "□ □ くり返し □ □ 記憶定着|QRコード|すぐ確認"
  },
  {
    "en": "both of",
    "jp": "□ □ □ □"
  },
  {
    "en": "between",
    "jp": "□ □ □ □"
  },
  {
    "en": "disagree",
    "jp": "□ □ □ □"
  },
  {
    "en": "such as",
    "jp": "□ □ □ □ □ □"
  },
  {
    "en": "tough",
    "jp": "□ □ □ □ □ □"
  },
  {
    "en": "tightly",
    "jp": "□ □ □ □ □ □"
  },
  {
    "en": "farewell party",
    "jp": "□ □ □ □ □ □"
  },
  {
    "en": "president",
    "jp": "□ □ □ □ □ □"
  },
  {
    "en": "not always",
    "jp": "□ □ くり返し □ □ 記憶定着|QRコード|すぐ確認"
  },
  {
    "en": "drove",
    "jp": "□ □ □ □"
  },
  {
    "en": "branch",
    "jp": "□ □ 覚えた単語を使った □ □"
  },
  {
    "en": "believe in",
    "jp": "□ □ □ □"
  },
  {
    "en": "little",
    "jp": "□ □ □ □ □ □"
  },
  {
    "en": "war",
    "jp": "□ □ □ □ □ □"
  },
  {
    "en": "roof",
    "jp": "□ □ □ □ □ □"
  },
  {
    "en": "medicine",
    "jp": "□ □ □ □ □ □"
  },
  {
    "en": "what to",
    "jp": "□ □ □ □ □ □"
  },
  {
    "en": "ecosystem",
    "jp": "□ □ くり返し □ □ 記憶定着|QRコード|すぐ確認"
  },
  {
    "en": "be in trouble",
    "jp": "□ □ □ □"
  },
  {
    "en": "in a hurry",
    "jp": "□ □ □ □"
  },
  {
    "en": "ban",
    "jp": "□ □ □ □"
  },
  {
    "en": "blow",
    "jp": "□ □ □ □ □ □"
  },
  {
    "en": "monthly",
    "jp": "□ □ □ □ □ □"
  },
  {
    "en": "get out",
    "jp": "□ □ □ □ □ □"
  },
  {
    "en": "silk",
    "jp": "□ □ □ □ □ □"
  },
  {
    "en": "endangered",
    "jp": "□ □ □ □ □ □"
  },
  {
    "en": "gym",
    "jp": "□ □ □ □"
  },
  {
    "en": "go ahead",
    "jp": "□ □ □ □"
  },
  {
    "en": "wrap",
    "jp": "□ □ こと □ □"
  },
  {
    "en": "railway",
    "jp": "□ □ □ □"
  },
  {
    "en": "supply",
    "jp": "□ □ □ □"
  },
  {
    "en": "weekly",
    "jp": "□ □ □ □ □ □"
  },
  {
    "en": "be about to",
    "jp": "□ □ □ □ □ □"
  },
  {
    "en": "store",
    "jp": "□ □ □ □ □ □"
  },
  {
    "en": "opinion",
    "jp": "□ □ □ □ □ □"
  },
  {
    "en": "lazy",
    "jp": "□ □ □ □ □ □"
  },
  {
    "en": "root",
    "jp": "□ □ □ □"
  },
  {
    "en": "fold",
    "jp": "□ □ □ □"
  },
  {
    "en": "afraid",
    "jp": "□ □ こと □ □"
  },
  {
    "en": "all over",
    "jp": "□ □ □ □"
  },
  {
    "en": "steam",
    "jp": "□ □ 覚えた単語を使った □ □"
  },
  {
    "en": "pain",
    "jp": "□ □ □ □"
  },
  {
    "en": "decision",
    "jp": "□ □ □ □ □ □"
  },
  {
    "en": "day in",
    "jp": "□ □ □ □ □ □"
  },
  {
    "en": "growth",
    "jp": "□ □ □ □ □ □"
  },
  {
    "en": "above",
    "jp": "□ □ □ □ □ □"
  },
  {
    "en": "yet",
    "jp": "□ □ □ □ □ □"
  },
  {
    "en": "hold",
    "jp": "□ □ □ □"
  },
  {
    "en": "carbon dioxide",
    "jp": "□ □ □ □"
  },
  {
    "en": "apply",
    "jp": "□ □ こと □ □"
  },
  {
    "en": "wake",
    "jp": "□ □ □ □"
  },
  {
    "en": "resident",
    "jp": "□ □ □ □"
  },
  {
    "en": "yen",
    "jp": "□ □ □ □ □ □"
  },
  {
    "en": "lullaby",
    "jp": "□ □ □ □ □ □"
  },
  {
    "en": "go through",
    "jp": "□ □ □ □ □ □"
  },
  {
    "en": "awake",
    "jp": "□ □ □ □ □ □"
  },
  {
    "en": "crazy",
    "jp": "□ □ □ □ □ □"
  },
  {
    "en": "discussion",
    "jp": "□ □ くり返し □ □ 記憶定着|QRコード|すぐ確認"
  },
  {
    "en": "drop by",
    "jp": "□ □ □ □"
  },
  {
    "en": "relation",
    "jp": "□ □ □ □"
  },
  {
    "en": "airport",
    "jp": "□ □ □ □"
  },
  {
    "en": "quarter",
    "jp": "□ □ □ □ □ □"
  },
  {
    "en": "leg",
    "jp": "□ □ □ □ □ □"
  },
  {
    "en": "army",
    "jp": "□ □ □ □ □ □"
  },
  {
    "en": "universe",
    "jp": "□ □ □ □ □ □"
  },
  {
    "en": "solve",
    "jp": "□ □ □ □ □ □"
  },
  {
    "en": "pursue",
    "jp": "□ □ くり返し □ □ 記憶定着|QRコード|すぐ確認"
  },
  {
    "en": "an average of",
    "jp": "□ □ □ □"
  },
  {
    "en": "relate to",
    "jp": "□ □ □ □"
  },
  {
    "en": "condition",
    "jp": "□ □ 覚えた単語を使った □ □"
  },
  {
    "en": "wood",
    "jp": "□ □ □ □"
  },
  {
    "en": "honest",
    "jp": "□ □ □ □ □ □"
  },
  {
    "en": "loss",
    "jp": "□ □ □ □ □ □"
  },
  {
    "en": "honey",
    "jp": "□ □ □ □ □ □"
  },
  {
    "en": "after a while",
    "jp": "□ □ □ □ □ □"
  },
  {
    "en": "heart",
    "jp": "□ □ □ □ □ □"
  },
  {
    "en": "disease",
    "jp": "□ □ こと □ □"
  },
  {
    "en": "could",
    "jp": "□ □ □ □"
  },
  {
    "en": "from",
    "jp": "□ □ 覚えた単語を使った □ □"
  },
  {
    "en": "charge",
    "jp": "□ □ □ □"
  },
  {
    "en": "call back",
    "jp": "□ □ □ □ □ □"
  },
  {
    "en": "sit down",
    "jp": "□ □ □ □ □ □"
  },
  {
    "en": "focus",
    "jp": "□ □ □ □ □ □"
  },
  {
    "en": "show",
    "jp": "□ □ □ □"
  },
  {
    "en": "somehow",
    "jp": "□ □ □ □"
  },
  {
    "en": "fire",
    "jp": "□ □ □ □"
  },
  {
    "en": "leave for",
    "jp": "□ □ □ □"
  },
  {
    "en": "blind",
    "jp": "□ □ こと □ □"
  },
  {
    "en": "take it back",
    "jp": "□ □ □ □"
  },
  {
    "en": "tear",
    "jp": "□ □ 覚えた単語を使った □ □"
  },
  {
    "en": "raw",
    "jp": "□ □ □ □"
  }
]