[
  {
    "en": "alongside",
    "jp": "□ □ □ □ □ □"
  },
  {
    "en": "contamination",
    "jp": "□ □ □ □ □ □"
  },
  {
    "en": "refusal",
    "jp": "□ □ □ □ □ □"
  },
  {
    "en": "organic",
    "jp": "□ □ □ □ □ □"
  },
  {
    "en": "evolutionary",
    "jp": "□ □ □ □ □ □"
  },
  {
    "en": "contractor",
    "jp": "□ □ □ □"
  },
  {
    "en": "skeptical",
    "jp": "□ □ □ □"
  },
  {
    "en": "resume",
    "jp": "□ □ □ □"
  },
  {
    "en": "nourishment",
    "jp": "□ □ □ □"
  },
  {
    "en": "pack up",
    "jp": "□ □ □ □ □ □"
  },
  {
    "en": "put A aside",
    "jp": "□ □ □ □ □ □"
  },
  {
    "en": "empathy",
    "jp": "□ □ □ □ □ □"
  },
  {
    "en": "conscience",
    "jp": "□ □ □ □ □ □"
  },
  {
    "en": "organism",
    "jp": "□ □ □ □ □ □"
  },
  {
    "en": "circumvent",
    "jp": "□ □ くり返し思い出すこと □ □ 記憶定着|QRコード|すぐ確認"
  },
  {
    "en": "clot",
    "jp": "□ □ □ □"
  },
  {
    "en": "behavioral",
    "jp": "□ □ 聞き流して覚える □ □"
  },
  {
    "en": "catalyst",
    "jp": "□ □ □ □"
  },
  {
    "en": "smooth over",
    "jp": "□ □ □ □ ©英語漬け.com(えいぷら)2023"
  },
  {
    "en": "ridicule",
    "jp": "□ □ □ □ □ □"
  },
  {
    "en": "communal",
    "jp": "□ □ □ □ □ □"
  },
  {
    "en": "destitute",
    "jp": "□ □ □ □ □ □"
  },
  {
    "en": "level off",
    "jp": "□ □ □ □ □ □"
  },
  {
    "en": "routinely",
    "jp": "□ □ □ □ □ □"
  },
  {
    "en": "rule out",
    "jp": "□ □ くり返し思い出すこと □ □ 記憶定着|QRコード|すぐ確認"
  },
  {
    "en": "exploit",
    "jp": "□ □ □ □"
  },
  {
    "en": "warrant",
    "jp": "□ □ 聞き流して覚える □ □"
  },
  {
    "en": "designation",
    "jp": "□ □ □ □"
  },
  {
    "en": "mother-in-law",
    "jp": "□ □ □ □ ©英語漬け.com(えいぷら)2023"
  },
  {
    "en": "portray",
    "jp": "□ □ □ □ □ □"
  },
  {
    "en": "evoke",
    "jp": "□ □ □ □ □ □"
  },
  {
    "en": "crisp",
    "jp": "□ □ □ □ □ □"
  },
  {
    "en": "tyranny",
    "jp": "□ □ □ □ □ □"
  },
  {
    "en": "adoption",
    "jp": "□ □ □ □ □ □"
  },
  {
    "en": "blend in",
    "jp": "□ □ くり返し思い出すこと □ □ 記憶定着|QRコード|すぐ確認"
  },
  {
    "en": "comprehend",
    "jp": "□ □ □ □"
  },
  {
    "en": "formidable",
    "jp": "□ □ 聞き流して覚える □ □"
  },
  {
    "en": "sexuality",
    "jp": "□ □ □ □"
  },
  {
    "en": "discord",
    "jp": "□ □ □ □ ©英語漬け.com(えいぷら)2023"
  },
  {
    "en": "prohibit",
    "jp": "□ □ □ □ □ □"
  },
  {
    "en": "disastrous",
    "jp": "□ □ □ □ □ □"
  },
  {
    "en": "pick over",
    "jp": "□ □ □ □ □ □"
  },
  {
    "en": "profitable",
    "jp": "□ □ □ □ □ □"
  },
  {
    "en": "warranty",
    "jp": "□ □ □ □ □ □"
  },
  {
    "en": "replicate",
    "jp": "□ □ くり返し思い出すこと □ □ 記憶定着|QRコード|すぐ確認"
  },
  {
    "en": "burglar",
    "jp": "□ □ □ □"
  },
  {
    "en": "mortality",
    "jp": "□ □ 聞き流して覚える □ □"
  },
  {
    "en": "feasible",
    "jp": "□ □ □ □"
  },
  {
    "en": "squalor",
    "jp": "□ □ □ い □ ©英語漬け.com(えいぷら)2023"
  },
  {
    "en": "array",
    "jp": "□ □ □ □ □ □"
  },
  {
    "en": "pile in",
    "jp": "□ □ □ □ □ □"
  },
  {
    "en": "hunch",
    "jp": "□ □ □ □ かう □ □"
  },
  {
    "en": "forensic",
    "jp": "□ □ □ □ □ □"
  },
  {
    "en": "ply",
    "jp": "□ □ □ □ □ □"
  },
  {
    "en": "staunch",
    "jp": "□ □ くり返し思い出すこと □ □ 記憶定着|QRコード|すぐ確認"
  },
  {
    "en": "hasty",
    "jp": "□ □ □ □"
  },
  {
    "en": "hostile",
    "jp": "□ □ 聞き流して覚える □ □"
  },
  {
    "en": "provider",
    "jp": "□ □ □ □"
  },
  {
    "en": "liver",
    "jp": "□ □ □ □ ©英語漬け.com(えいぷら)2023"
  },
  {
    "en": "ambitious",
    "jp": "□ □ □ □ い □ 成させる □"
  },
  {
    "en": "see through",
    "jp": "□ □ □ □ る □ きつけられる □"
  },
  {
    "en": "mundane",
    "jp": "□ □ □ □ □ える □"
  },
  {
    "en": "vicinity",
    "jp": "□ □ □ □ □ □"
  },
  {
    "en": "eternal",
    "jp": "□ □ □ □ 台無しになる □ □"
  },
  {
    "en": "go under",
    "jp": "□ □ くり返し思い出すこと 終わる □ □ 記憶定着|QRコード|すぐ確認"
  },
  {
    "en": "linguistic",
    "jp": "□ □ □ る □"
  },
  {
    "en": "availability",
    "jp": "□ □ 聞き流して覚える □ □"
  },
  {
    "en": "equator",
    "jp": "□ □ □ □"
  },
  {
    "en": "rainfall",
    "jp": "□ □ □ □ ©英語漬け.com(えいぷら)2023"
  },
  {
    "en": "optimistic",
    "jp": "□ □ □ □ □ □"
  },
  {
    "en": "resistant",
    "jp": "□ □ □ □ □ □"
  },
  {
    "en": "allay",
    "jp": "□ □ □ □ □ □"
  },
  {
    "en": "eradicate",
    "jp": "□ □ □ □ □ □"
  },
  {
    "en": "supervision",
    "jp": "□ □ □ □ □ □"
  },
  {
    "en": "dent",
    "jp": "□ □ くり返し思い出すこと □ □ 記憶定着|QRコード|すぐ確認"
  },
  {
    "en": "rebellious",
    "jp": "□ □ □ □"
  },
  {
    "en": "outrageous",
    "jp": "□ □ 聞き流して覚える □ □"
  },
  {
    "en": "pull over",
    "jp": "□ □ □ □"
  },
  {
    "en": "bandage",
    "jp": "□ □ □ □ ©英語漬け.com(えいぷら)2023"
  },
  {
    "en": "extract",
    "jp": "□ □ □ □ □ す □"
  },
  {
    "en": "deprivation",
    "jp": "□ □ □ □ □ □"
  },
  {
    "en": "cascade",
    "jp": "□ □ □ □ □ □"
  },
  {
    "en": "pass off",
    "jp": "□ □ □ □ □ □"
  },
  {
    "en": "paranoia",
    "jp": "□ □ □ □ □ □"
  },
  {
    "en": "denounce",
    "jp": "□ □ くり返し思い出すこと □ □ 記憶定着|QRコード|すぐ確認"
  },
  {
    "en": "consent",
    "jp": "□ □ □ □"
  },
  {
    "en": "witch",
    "jp": "□ □ 聞き流して覚える □ □"
  },
  {
    "en": "subdue",
    "jp": "□ □ □ □"
  },
  {
    "en": "crusade",
    "jp": "□ □ □ □ ©英語漬け.com(えいぷら)2023"
  },
  {
    "en": "duration",
    "jp": "□ □ □ □ □ □"
  },
  {
    "en": "reign",
    "jp": "□ □ □ □ □ □"
  },
  {
    "en": "continuous",
    "jp": "□ □ □ □ ごす □ □"
  },
  {
    "en": "explicit",
    "jp": "□ □ □ □ □ □"
  },
  {
    "en": "lessen",
    "jp": "□ □ □ □ る,採取して利用する □ □"
  },
  {
    "en": "harry",
    "jp": "□ □ くり返し思い出すこと しめる □ □ 記憶定着|QRコード|すぐ確認"
  },
  {
    "en": "disturbing",
    "jp": "□ □ □ □"
  },
  {
    "en": "par",
    "jp": "□ □ 聞き流して覚える □ □"
  },
  {
    "en": "heath",
    "jp": "□ □ □ □"
  },
  {
    "en": "malignant",
    "jp": "□ □ □ □ ©英語漬け.com(えいぷら)2023"
  },
  {
    "en": "plunge",
    "jp": "□ □ □ □ □ □"
  },
  {
    "en": "devastating",
    "jp": "□ □ □ □ □ 人 □"
  },
  {
    "en": "in line with",
    "jp": "□ □ □ て □ 入る □ □"
  },
  {
    "en": "adamant",
    "jp": "□ □ □ □ □ □"
  },
  {
    "en": "consensus",
    "jp": "□ □ □ □ に □ □"
  },
  {
    "en": "depletion",
    "jp": "□ □ くり返し思い出すこと □ □ 記憶定着|QRコード|すぐ確認"
  },
  {
    "en": "regulatory",
    "jp": "□ □ □ □"
  },
  {
    "en": "thoroughly",
    "jp": "□ □ 聞き流して覚える □ する □"
  },
  {
    "en": "indigenous",
    "jp": "□ □ □ □"
  },
  {
    "en": "allied",
    "jp": "□ □ いる □ □ ©英語漬け.com(えいぷら)2023"
  },
  {
    "en": "imperative",
    "jp": "□ □ □ □ □ □"
  },
  {
    "en": "ornate",
    "jp": "□ □ □ □ □ □"
  },
  {
    "en": "molest",
    "jp": "□ □ □ □ □ □"
  },
  {
    "en": "carry through",
    "jp": "□ e □ □ □ □ □"
  },
  {
    "en": "finish off",
    "jp": "□ □ □ □ □ □"
  },
  {
    "en": "stand down",
    "jp": "□ □ □ □"
  },
  {
    "en": "rant",
    "jp": "□ □ □ □"
  },
  {
    "en": "plausible",
    "jp": "□ □ □ □"
  },
  {
    "en": "reaffirm",
    "jp": "□ □ 聞き流して覚える る □ □"
  },
  {
    "en": "excerpt",
    "jp": "□ □ □ □"
  },
  {
    "en": "coarse",
    "jp": "□ □ □ □ ©英語漬け.com(えいぷら)2023"
  },
  {
    "en": "aquatic",
    "jp": "□ □ □ □ □ □"
  },
  {
    "en": "lag",
    "jp": "□ □ □ □ □ □"
  },
  {
    "en": "pastoral",
    "jp": "□ □ □ □ □ □"
  },
  {
    "en": "authoritative",
    "jp": "□ □ □ □ □ □"
  },
  {
    "en": "crunch",
    "jp": "□ □ □ □ □ □"
  },
  {
    "en": "flex",
    "jp": "□ □ くり返し思い出すこと □ □ 記憶定着|QRコード|すぐ確認"
  },
  {
    "en": "convertible",
    "jp": "□ □ させる □ □"
  },
  {
    "en": "water vapor",
    "jp": "□ □ 聞き流して覚える □ □"
  },
  {
    "en": "revitalize",
    "jp": "□ □ □ □"
  },
  {
    "en": "stub",
    "jp": "□ □ □ □ ©英語漬け.com(えいぷら)2023"
  },
  {
    "en": "get on with",
    "jp": "□ □ □ に進める □ ぎる □ □"
  },
  {
    "en": "in pursuit of",
    "jp": "□ □ □ □ □ □"
  },
  {
    "en": "haughty",
    "jp": "□ □ □ □ □ □"
  },
  {
    "en": "hefty",
    "jp": "□ □ □ □ □ □"
  },
  {
    "en": "commend",
    "jp": "□ □ □ □ □ □"
  },
  {
    "en": "spring up",
    "jp": "□ □ くり返し思い出すこと □ □ 記憶定着|QRコード|すぐ確認"
  },
  {
    "en": "intuitive",
    "jp": "□ □ □ □"
  },
  {
    "en": "capitalize",
    "jp": "□ □ 聞き流して覚える □ □"
  },
  {
    "en": "fend",
    "jp": "□ □ □ □"
  },
  {
    "en": "alleviate",
    "jp": "□ □ □ □ ©英語漬け.com(えいぷら)2023"
  },
  {
    "en": "sign up",
    "jp": "□ □ □ □ □ □"
  },
  {
    "en": "nasal",
    "jp": "□ □ □ □ の □ □"
  },
  {
    "en": "dietary",
    "jp": "□ □ □ □ □ □"
  },
  {
    "en": "crumple",
    "jp": "□ □ □ □ いる □ □"
  },
  {
    "en": "out of question",
    "jp": "□ □ □ □ □ □"
  },
  {
    "en": "gingerly",
    "jp": "□ □ くり返し思い出すこと 深く □ □ 記憶定着|QRコード|すぐ確認"
  },
  {
    "en": "nomadic",
    "jp": "□ □ □ □"
  },
  {
    "en": "recoup",
    "jp": "□ □ 聞き流して覚える □ □"
  },
  {
    "en": "demolish",
    "jp": "□ □ □ □"
  },
  {
    "en": "meticulous",
    "jp": "□ □ □ □ ©英語漬け.com(えいぷら)2023"
  },
  {
    "en": "gallant",
    "jp": "□ □ □ □ □ □"
  },
  {
    "en": "reverberate",
    "jp": "□ □ □ □ □ □"
  },
  {
    "en": "invincible",
    "jp": "□ □ □ □ クする □ □"
  },
  {
    "en": "pass for",
    "jp": "□ □ □ □ □ □"
  },
  {
    "en": "indifferent",
    "jp": "□ □ □ □ □ □"
  },
  {
    "en": "inconspicuous",
    "jp": "□ □ くり返し思い出すこと □ □ 記憶定着|QRコード|すぐ確認"
  },
  {
    "en": "wartime",
    "jp": "□ □ □ □"
  },
  {
    "en": "pristine",
    "jp": "□ □ 聞き流して覚える □ □"
  },
  {
    "en": "bask",
    "jp": "□ □ □ □"
  },
  {
    "en": "definitive",
    "jp": "□ □ □ □ ©英語漬け.com(えいぷら)2023"
  },
  {
    "en": "obstruct",
    "jp": "□ □ □ □ □ す □"
  },
  {
    "en": "recurring",
    "jp": "□ □ □ □ □ □"
  },
  {
    "en": "make progress",
    "jp": "□ □ □ □ □ □"
  },
  {
    "en": "ominous",
    "jp": "□ □ □ □ □ □"
  },
  {
    "en": "vicar",
    "jp": "□ □ □ □"
  },
  {
    "en": "collateral",
    "jp": "□ □ □ □"
  },
  {
    "en": "disquiet",
    "jp": "□ □ □ □"
  },
  {
    "en": "autonomous",
    "jp": "□ □ □ □"
  },
  {
    "en": "gloat",
    "jp": "□ □ る □ □"
  },
  {
    "en": "illicit",
    "jp": "□ □ □ □ □ □"
  },
  {
    "en": "briskly",
    "jp": "□ □ □ □ □ □"
  },
  {
    "en": "avenge",
    "jp": "□ □ □ □ □ □"
  },
  {
    "en": "diminutive",
    "jp": "□ □ □ □ □ □"
  },
  {
    "en": "elude",
    "jp": "□ □ □ □ □ □"
  },
  {
    "en": "imminent",
    "jp": "□ □ くり返し思い出すこと □ □ 記憶定着|QRコード|すぐ確認"
  },
  {
    "en": "get into",
    "jp": "□ □ □ □"
  },
  {
    "en": "toddler",
    "jp": "□ □ 聞き流して覚える □ □"
  },
  {
    "en": "relegate",
    "jp": "□ □ □ □"
  },
  {
    "en": "warden",
    "jp": "□ □ □ □ ©英語漬け.com(えいぷら)2023"
  },
  {
    "en": "proclamation",
    "jp": "□ □ □ □ □ □"
  },
  {
    "en": "to the point",
    "jp": "□ □ □ □ □ □"
  },
  {
    "en": "transcribe",
    "jp": "□ □ □ □ □ □"
  },
  {
    "en": "rift",
    "jp": "□ □ □ □ □ □"
  },
  {
    "en": "edifice",
    "jp": "□ □ □ □ □ □"
  },
  {
    "en": "flurry",
    "jp": "□ □ くり返し思い出すこと □ □ 記憶定着|QRコード|すぐ確認"
  },
  {
    "en": "penchant",
    "jp": "□ □ □ □"
  },
  {
    "en": "read off",
    "jp": "□ □ む,声に出して読む □ □"
  },
  {
    "en": "provide A with B",
    "jp": "□"
  },
  {
    "en": "caliber",
    "jp": "□"
  },
  {
    "en": "feud",
    "jp": "□"
  },
  {
    "en": "what if",
    "jp": "□ □ □ □ □ □"
  },
  {
    "en": "perimeter",
    "jp": "□ □ □ □ □ □"
  },
  {
    "en": "buffer",
    "jp": "□ □ □ □ □ □"
  },
  {
    "en": "turn down",
    "jp": "□ □ □ □ □ □"
  },
  {
    "en": "shackle",
    "jp": "□ □ □ □ □ □"
  },
  {
    "en": "contribute to",
    "jp": "□ □ くり返し思い出すこと □ □ 記憶定着|QRコード|すぐ確認"
  },
  {
    "en": "antipathy",
    "jp": "□ □ □ □"
  },
  {
    "en": "configure",
    "jp": "□ □ 聞き流して覚える □ □"
  },
  {
    "en": "enactment",
    "jp": "□ □ □ く □"
  },
  {
    "en": "invader",
    "jp": "□ □ □ □ ©英語漬け.com(えいぷら)2023"
  },
  {
    "en": "heresy",
    "jp": "□ □ □ □ □ □"
  },
  {
    "en": "maverick",
    "jp": "□ □ □ □ □ □"
  },
  {
    "en": "sit in",
    "jp": "□ □ □ □ る □ □"
  },
  {
    "en": "overture",
    "jp": "□ □ □ □ □ □"
  },
  {
    "en": "anemia",
    "jp": "□ □ くり返し思い出すこと □ □ 記憶定着|QRコード|すぐ確認"
  },
  {
    "en": "clean out",
    "jp": "□ □ □ □"
  },
  {
    "en": "contrition",
    "jp": "□ □ 聞き流して覚える □ □"
  },
  {
    "en": "ferocity",
    "jp": "□ □ □ □"
  },
  {
    "en": "law enforcement",
    "jp": "□ □ □ □ ©英語漬け.com(えいぷら)2023"
  },
  {
    "en": "rapprochement",
    "jp": "□ □ □ □ □ □"
  },
  {
    "en": "anesthesia",
    "jp": "□ □ □ □ □ □"
  },
  {
    "en": "barracks",
    "jp": "□ □ □ □ □ □"
  },
  {
    "en": "lift off",
    "jp": "□ □ □ □ □ □"
  },
  {
    "en": "fragmentation",
    "jp": "□ □ □ □ □ □"
  },
  {
    "en": "excavation",
    "jp": "□ □ くり返し思い出すこと □ □ 記憶定着|QRコード|すぐ確認"
  },
  {
    "en": "pick through",
    "jp": "□ □ □ □"
  },
  {
    "en": "trip up",
    "jp": "□ □ 聞き流して覚える □ □"
  },
  {
    "en": "casket",
    "jp": "□ □ □ □"
  },
  {
    "en": "mirage",
    "jp": "□ □ □ □ ©英語漬け.com(えいぷら)2023"
  },
  {
    "en": "annuity",
    "jp": "□ □ □ □ □ □"
  },
  {
    "en": "horde",
    "jp": "□ □ □ □ □ □"
  },
  {
    "en": "orphanage",
    "jp": "□ □ □ □ □ □"
  },
  {
    "en": "stepfather",
    "jp": "□ □ □ □ □ □"
  },
  {
    "en": "give away",
    "jp": "□ □ □ □ □ □"
  },
  {
    "en": "cove",
    "jp": "□ □ くり返し思い出すこと □ □ 記憶定着|QRコード|すぐ確認"
  },
  {
    "en": "debtor",
    "jp": "□ □ □ □"
  },
  {
    "en": "outburst",
    "jp": "□ □ 聞き流して覚える □ □"
  },
  {
    "en": "head out",
    "jp": "□ □ □ □"
  },
  {
    "en": "outage",
    "jp": "□ □ □ □ ©英語漬け.com(えいぷら)2023"
  },
  {
    "en": "fetus",
    "jp": "□ □ □ □ □ □"
  },
  {
    "en": "moth",
    "jp": "□ □ □ □ □ □"
  },
  {
    "en": "count on",
    "jp": "□ □ □ □ □ □"
  },
  {
    "en": "predicament",
    "jp": "□ □ □ □ □ □"
  },
  {
    "en": "stealth",
    "jp": "□ □ □ □ □ □"
  },
  {
    "en": "arthritis",
    "jp": "□ □ くり返し思い出すこと □ □ 記憶定着|QRコード|すぐ確認"
  },
  {
    "en": "stir up",
    "jp": "□ □ □ ル検査 □"
  },
  {
    "en": "burrow",
    "jp": "□ □ 聞き流して覚える □ □"
  },
  {
    "en": "coroner",
    "jp": "□ □ □ □"
  },
  {
    "en": "pass over",
    "jp": "□ □ □ □ ©英語漬け.com(えいぷら)2023"
  },
  {
    "en": "caravan",
    "jp": "□ □ □ □ □ □"
  },
  {
    "en": "break down",
    "jp": "□ □ □ □ □ □"
  },
  {
    "en": "stronghold",
    "jp": "□ □ □ □ □ □"
  },
  {
    "en": "take in",
    "jp": "□ □ □ □ □ □"
  },
  {
    "en": "ransom",
    "jp": "□ □ □ □ □ □"
  },
  {
    "en": "guise",
    "jp": "□ □ くり返し思い出すこと □ □ 記憶定着|QRコード|すぐ確認"
  },
  {
    "en": "squeal",
    "jp": "□ □ □ □"
  },
  {
    "en": "homicide",
    "jp": "□ □ 聞き流して覚える □ □"
  },
  {
    "en": "thyroid",
    "jp": "□ □ □ □"
  },
  {
    "en": "cache",
    "jp": "□ □ □ □ ©英語漬け.com(えいぷら)2023"
  },
  {
    "en": "show up",
    "jp": "□ □ □ □ □ □"
  },
  {
    "en": "iceberg",
    "jp": "□ □ □ □ □ □"
  },
  {
    "en": "prostitution",
    "jp": "□ □ □ □ □ □"
  },
  {
    "en": "hive",
    "jp": "□ □ □ □ 能な □ □"
  },
  {
    "en": "irresistible",
    "jp": "□ □ □ □ □ □"
  },
  {
    "en": "decipher",
    "jp": "□ □ くり返し思い出すこと □ □ 記憶定着|QRコード|すぐ確認"
  },
  {
    "en": "hearten",
    "jp": "□ □ □ □"
  },
  {
    "en": "shitty",
    "jp": "□ □ 聞き流して覚える □ □"
  },
  {
    "en": "no better than",
    "jp": "□ □ □ □"
  },
  {
    "en": "disband",
    "jp": "□ □ □ □ □ □"
  },
  {
    "en": "glowing",
    "jp": "□ □ □ □ □ □"
  },
  {
    "en": "cerebral",
    "jp": "□ □ □ □ □ □"
  },
  {
    "en": "vanguard",
    "jp": "□ □ □ □ □ □"
  },
  {
    "en": "eerie",
    "jp": "□ □ □ □ 間取る □ くさいふりをした □"
  },
  {
    "en": "latent",
    "jp": "□ □ くり返し思い出すこと □ □ 記憶定着|QRコード|すぐ確認"
  },
  {
    "en": "staggering",
    "jp": "□ □ □ □"
  },
  {
    "en": "as it stands",
    "jp": "□ □ 聞き流して覚える □ □"
  },
  {
    "en": "wreckage",
    "jp": "□ □ □ りに □"
  },
  {
    "en": "incite",
    "jp": "□ □ □ □ ©英語漬け.com(えいぷら)2023"
  },
  {
    "en": "embroil",
    "jp": "□ □ □ □ □ □"
  },
  {
    "en": "bullish",
    "jp": "□ □ □ □ □ □"
  },
  {
    "en": "overblown",
    "jp": "□ □ □ □ □ □"
  },
  {
    "en": "come off",
    "jp": "□ □ □ す □ □ □"
  },
  {
    "en": "abdominal",
    "jp": "□ □ くり返し思い出すこと □ □ 記憶定着|QRコード|すぐ確認"
  },
  {
    "en": "talk over",
    "jp": "□ □ □ □"
  },
  {
    "en": "annul",
    "jp": "□ □ 聞き流して覚える □ □"
  },
  {
    "en": "annex",
    "jp": "□ □ □ □"
  },
  {
    "en": "terrestrial",
    "jp": "□ □ □ □ ©英語漬け.com(えいぷら)2023"
  },
  {
    "en": "neural",
    "jp": "□ □ □ □ □ □"
  },
  {
    "en": "solemn",
    "jp": "□ □ □ □ □ □"
  },
  {
    "en": "degenerate",
    "jp": "□ □ □ □ □ □"
  },
  {
    "en": "falter",
    "jp": "□ □ □ □ □ □"
  },
  {
    "en": "brazen",
    "jp": "□ □ □ □ 係 □ □"
  },
  {
    "en": "civil rights",
    "jp": "□ □ くり返し思い出すこと 利 □ □ 記憶定着|QRコード|すぐ確認"
  },
  {
    "en": "meander",
    "jp": "□ □ □ □"
  },
  {
    "en": "paid vacation",
    "jp": "□ □ 聞き流して覚える □ □"
  },
  {
    "en": "putative",
    "jp": "□ □ □ る □"
  },
  {
    "en": "dearly",
    "jp": "□ □ □ □ □ □"
  },
  {
    "en": "incompatible",
    "jp": "□ □ □ □ □ □"
  },
  {
    "en": "prodigious",
    "jp": "□ □ □ □ □ □"
  },
  {
    "en": "inscribe",
    "jp": "□ □ □ □ る □ □"
  },
  {
    "en": "canny",
    "jp": "□ □ □ □ □ 定する □"
  },
  {
    "en": "deplete",
    "jp": "□"
  },
  {
    "en": "fit A with B",
    "jp": "□"
  },
  {
    "en": "disparate",
    "jp": "□ □ くり返し思い出すこと □ □ 記憶定着|QRコード|すぐ確認"
  },
  {
    "en": "turn away",
    "jp": "□ □ □ □"
  },
  {
    "en": "hideous",
    "jp": "□ □ 聞き流して覚える □ □"
  },
  {
    "en": "capitulate",
    "jp": "□ □ □ □"
  },
  {
    "en": "quintessential",
    "jp": "□ □ □ □ □ □"
  },
  {
    "en": "martian",
    "jp": "□ □ □ □ □ □"
  },
  {
    "en": "admirable",
    "jp": "□ □ □ □ □ □"
  },
  {
    "en": "be laid up",
    "jp": "□ □ □ □ □ □"
  },
  {
    "en": "count for",
    "jp": "□ □ □ □ がらせる □ □"
  },
  {
    "en": "humiliating",
    "jp": "□ □ □ □"
  },
  {
    "en": "disposable",
    "jp": "□ □ □ □"
  },
  {
    "en": "collegiate",
    "jp": "□ □ □ □"
  },
  {
    "en": "prodigy",
    "jp": "□ □ □ □ □ □"
  },
  {
    "en": "extremist",
    "jp": "□ □ □ □ □ □"
  },
  {
    "en": "expose A to B",
    "jp": "□ □ □ □ □ □"
  },
  {
    "en": "worthy",
    "jp": "□ □ □ □ □ □"
  },
  {
    "en": "nightly",
    "jp": "□ □ □ □ □ □"
  },
  {
    "en": "eject",
    "jp": "□ □ くり返し思い出すこと □ □ 記憶定着|QRコード|すぐ確認"
  },
  {
    "en": "lurch",
    "jp": "□ □ □ □"
  },
  {
    "en": "spooky",
    "jp": "□ □ 聞き流して覚える □ □"
  },
  {
    "en": "gear up",
    "jp": "□ □ 入れる □ □"
  },
  {
    "en": "consummate",
    "jp": "□ □ □ □ ©英語漬け.com(えいぷら)2023"
  },
  {
    "en": "clandestine",
    "jp": "□ □ □ □ る □ □"
  },
  {
    "en": "candid",
    "jp": "□ □ □ □ □ □"
  },
  {
    "en": "hurtle",
    "jp": "□ □ □ □ 弟 □ □"
  },
  {
    "en": "serpent",
    "jp": "□ □ □ □ □ □"
  },
  {
    "en": "fill out",
    "jp": "□ □ □ 載する □ □ つく □"
  },
  {
    "en": "injunction",
    "jp": "□ □ □ □"
  },
  {
    "en": "quarry",
    "jp": "□ □ □ □"
  },
  {
    "en": "infusion",
    "jp": "□ □ □ 書きシステム □"
  },
  {
    "en": "genesis",
    "jp": "□ □ □ □ □ □"
  },
  {
    "en": "alumnus",
    "jp": "□ □ □ □ 過ぎる □ □"
  },
  {
    "en": "commandment",
    "jp": "□ □ □ □ 応 □ □"
  },
  {
    "en": "booty",
    "jp": "□ □ □ □ □ □"
  },
  {
    "en": "subvert",
    "jp": "□ □ □ □"
  },
  {
    "en": "cynic",
    "jp": "□ □ □ □"
  },
  {
    "en": "drop by",
    "jp": "□ □ □ す □"
  },
  {
    "en": "collusion",
    "jp": "□ □ 為 □ □"
  },
  {
    "en": "proffer",
    "jp": "□ □ □ づく関係 □"
  },
  {
    "en": "shortfall",
    "jp": "□ □ □ □ い □ 切りを入れる □"
  },
  {
    "en": "pull down",
    "jp": "□ □ □ □ □ □"
  },
  {
    "en": "luster",
    "jp": "□ □ □ □ □ に減る、少なくなる □"
  },
  {
    "en": "patronage",
    "jp": "□ □ □ □ □ □"
  },
  {
    "en": "penetration",
    "jp": "□ □ □ 過する □ □ □"
  },
  {
    "en": "come through",
    "jp": "□ □ 過する □ □"
  },
  {
    "en": "clamor",
    "jp": "□ □ □ □"
  },
  {
    "en": "bandit",
    "jp": "□ □ □ □"
  },
  {
    "en": "unearth",
    "jp": "□ □ 見つけ出す □ □ ©英語漬け.com(えいぷら)2023"
  },
  {
    "en": "patriarch",
    "jp": "□ □ □ □ □ る □"
  },
  {
    "en": "mower",
    "jp": "□ □ □ □ □ □"
  },
  {
    "en": "compare A to B",
    "jp": "□"
  },
  {
    "en": "enclave",
    "jp": "□"
  },
  {
    "en": "banter",
    "jp": "□"
  },
  {
    "en": "iteration",
    "jp": "□ □ □ □ 力する □ 乱させる □"
  },
  {
    "en": "beacon",
    "jp": "□ B □ □ □ 合する,AをBに結合する □ □"
  },
  {
    "en": "tarnish",
    "jp": "□ □ □ や事象 □"
  },
  {
    "en": "defiance",
    "jp": "□ □ □ □"
  },
  {
    "en": "chuckle",
    "jp": "□ □ □ □"
  },
  {
    "en": "glimmer",
    "jp": "□ □ □ □"
  },
  {
    "en": "back up",
    "jp": "□ □ □ た,馴染む □"
  },
  {
    "en": "revile",
    "jp": "□ □ □ する □ □ □"
  },
  {
    "en": "parity",
    "jp": "□ □ □ □ □ □"
  },
  {
    "en": "replace A with B",
    "jp": "□ □ □ 交換する,AをBで代用する □ □ □"
  },
  {
    "en": "deal in",
    "jp": "□"
  },
  {
    "en": "persecute",
    "jp": "□"
  },
  {
    "en": "complicity",
    "jp": "□ □ □ □ □ □"
  },
  {
    "en": "extradition",
    "jp": "□ □ □ □"
  },
  {
    "en": "brawl",
    "jp": "□ □ □ □"
  },
  {
    "en": "reinstate",
    "jp": "□ □ □ □"
  },
  {
    "en": "grant A to B",
    "jp": "□"
  },
  {
    "en": "foyer",
    "jp": "□"
  },
  {
    "en": "ascent",
    "jp": "□ □ □ □"
  },
  {
    "en": "solace",
    "jp": "□ □ □ □"
  },
  {
    "en": "brat",
    "jp": "□ □ □ □ □ □"
  },
  {
    "en": "allusion",
    "jp": "□ □ □ □ □ □"
  },
  {
    "en": "aberration",
    "jp": "□ □ □ □ □ 合わせる,AをBに調整する □"
  },
  {
    "en": "euphoria",
    "jp": "□ □ □ □ か,信頼できるか □ □"
  },
  {
    "en": "sewage",
    "jp": "□ □ くり返し思い出すこと □ □ 記憶定着|QRコード|すぐ確認"
  },
  {
    "en": "manure",
    "jp": "□ □ □ □"
  },
  {
    "en": "populace",
    "jp": "□ □ 聞き流して覚える □ □"
  },
  {
    "en": "mitigation",
    "jp": "□"
  },
  {
    "en": "centennial",
    "jp": "□ □ □ □"
  },
  {
    "en": "demolition",
    "jp": "□ □ □ □ □ □"
  },
  {
    "en": "romp",
    "jp": "□ □ □ 騒ぎする □ □ □"
  },
  {
    "en": "adjunct",
    "jp": "□ □ □ □ す □ □"
  },
  {
    "en": "impetus",
    "jp": "□ □ □ □"
  },
  {
    "en": "compilation",
    "jp": "□ □ □ □"
  },
  {
    "en": "gut",
    "jp": "□ □ □ □"
  },
  {
    "en": "miscarriage",
    "jp": "□ □ □ □"
  },
  {
    "en": "epicenter",
    "jp": "□ □ □ □"
  },
  {
    "en": "funnel",
    "jp": "□ □ □ □ □ □"
  },
  {
    "en": "pertain",
    "jp": "□ □ □ □ □ □"
  },
  {
    "en": "dual citizenship",
    "jp": "□ □ □ □ □ □"
  },
  {
    "en": "secede",
    "jp": "□ □ □ □ □ □"
  },
  {
    "en": "calculus",
    "jp": "□ □ □ □ □ □"
  },
  {
    "en": "piracy",
    "jp": "□ □ くり返し思い出すこと □ □ 記憶定着|QRコード|すぐ確認"
  },
  {
    "en": "ruckus",
    "jp": "□ □ □ □"
  },
  {
    "en": "cardiovascular",
    "jp": "□ □ 聞き流して覚える □ □"
  },
  {
    "en": "vial",
    "jp": "□ □ □ □"
  },
  {
    "en": "palatable",
    "jp": "□ □ □ □ ©英語漬け.com(えいぷら)2023"
  },
  {
    "en": "stately",
    "jp": "□ □ □ □ □ □"
  },
  {
    "en": "radiant",
    "jp": "□ □ □ □ □ □"
  },
  {
    "en": "glint",
    "jp": "□ □ B □ □ □ □"
  },
  {
    "en": "requisite",
    "jp": "□ □ □ □ □ □"
  },
  {
    "en": "autistic",
    "jp": "□ □ □ □ □ □"
  },
  {
    "en": "gregarious",
    "jp": "□ □ □ □"
  },
  {
    "en": "in advance",
    "jp": "□ □ □ □"
  },
  {
    "en": "exuberant",
    "jp": "□ □ □ □"
  },
  {
    "en": "ailing",
    "jp": "□ □ □ □"
  },
  {
    "en": "vogue",
    "jp": "□ □ □ □"
  },
  {
    "en": "venom",
    "jp": "□ with □ □ □ 「英語漬け」で検索!"
  },
  {
    "en": "lubricate",
    "jp": "□ □ □ □ □ □"
  },
  {
    "en": "distraught",
    "jp": "□ □ □ □ □ □"
  },
  {
    "en": "synonymous",
    "jp": "□ □ □ □ □ □"
  },
  {
    "en": "bode",
    "jp": "□ □ □ □ □ □"
  },
  {
    "en": "inept",
    "jp": "□ □ □ □"
  },
  {
    "en": "ventilation",
    "jp": "□ □ □ □"
  },
  {
    "en": "taut",
    "jp": "□ □ □ □"
  },
  {
    "en": "exude",
    "jp": "□ □ □ □"
  },
  {
    "en": "stick to",
    "jp": "□ □ □ □"
  },
  {
    "en": "innocuous",
    "jp": "□ □ □ □ □ □"
  },
  {
    "en": "trajectory",
    "jp": "□ □ □ □ □ □"
  },
  {
    "en": "converse",
    "jp": "□ □ □ □ □ □"
  },
  {
    "en": "a range of",
    "jp": "□ □ □ □ □ □"
  },
  {
    "en": "tumultuous",
    "jp": "□ □ □ □ □ □"
  },
  {
    "en": "annual fee",
    "jp": "□ □ くり返し思い出すこと □ □ 記憶定着|QRコード|すぐ確認"
  },
  {
    "en": "hilarious",
    "jp": "□ □ □ □"
  },
  {
    "en": "veritable",
    "jp": "□ □ 聞き流して覚える □ □"
  },
  {
    "en": "comatose",
    "jp": "□ □ □ □"
  },
  {
    "en": "gloomy",
    "jp": "□ □ □ □ ©英語漬け.com(えいぷら)2023"
  },
  {
    "en": "adept",
    "jp": "□ □ □ □ □ □"
  },
  {
    "en": "glitter",
    "jp": "□ □ □ □ □ □"
  },
  {
    "en": "impersonate",
    "jp": "□ □ □ □ □ □"
  },
  {
    "en": "taint",
    "jp": "□ □ □ □ □ □"
  },
  {
    "en": "contextual",
    "jp": "□ □ □ □ □ □"
  },
  {
    "en": "anew",
    "jp": "□ □ くり返し思い出すこと □ □ 記憶定着|QRコード|すぐ確認"
  },
  {
    "en": "verbally",
    "jp": "□ □ □ □"
  },
  {
    "en": "pacify",
    "jp": "□ □ 聞き流して覚える □ □"
  },
  {
    "en": "peruse",
    "jp": "□ □ □ □"
  },
  {
    "en": "smug",
    "jp": "□ □ □ □ ©英語漬け.com(えいぷら)2023"
  },
  {
    "en": "conciliate",
    "jp": "□ □ □ □ □ □"
  },
  {
    "en": "mashed",
    "jp": "□ □ □ □ □ □"
  },
  {
    "en": "prolific",
    "jp": "□ □ □ □ □ □"
  },
  {
    "en": "insulate",
    "jp": "□ □ □ □ □ □"
  },
  {
    "en": "dilate",
    "jp": "□ □ □ □ □ □"
  },
  {
    "en": "terse",
    "jp": "□ □ くり返し思い出すこと □ □ 記憶定着|QRコード|すぐ確認"
  },
  {
    "en": "come to a head",
    "jp": "□ □ □ □"
  },
  {
    "en": "eclipse",
    "jp": "□ □ 聞き流して覚える □ □"
  },
  {
    "en": "come into",
    "jp": "□ □ □ □"
  },
  {
    "en": "inexorable",
    "jp": "□ □ □ □ ©英語漬け.com(えいぷら)2023"
  },
  {
    "en": "apiece",
    "jp": "□ □ □ □ □ □"
  },
  {
    "en": "temper",
    "jp": "□ □ □ □ □ □"
  },
  {
    "en": "oscillate",
    "jp": "□ □ □ □ □ □"
  },
  {
    "en": "put A to sleep",
    "jp": "□ □ □ □ □ □"
  },
  {
    "en": "extricate",
    "jp": "□ □ □ □"
  },
  {
    "en": "idiotic",
    "jp": "□ □ □ □"
  },
  {
    "en": "in the first place",
    "jp": "□ □ □ □"
  },
  {
    "en": "alluring",
    "jp": "□ □ □ □"
  },
  {
    "en": "rowdy",
    "jp": "□ □ □ □"
  },
  {
    "en": "rueful",
    "jp": "□ □ □ □ □ □"
  },
  {
    "en": "whine",
    "jp": "□ □ □ □ □ □"
  },
  {
    "en": "gleam",
    "jp": "□ □ □ □ □ □"
  },
  {
    "en": "disproportionate",
    "jp": "□ □ □ □ □ □"
  },
  {
    "en": "efface",
    "jp": "□ □ □ □ □ □"
  },
  {
    "en": "hemorrhage",
    "jp": "□ □ □ □"
  },
  {
    "en": "incinerator",
    "jp": "□ □ □ □"
  },
  {
    "en": "outlay",
    "jp": "□ □ □ □"
  },
  {
    "en": "conduit",
    "jp": "□ □ □ □"
  },
  {
    "en": "pomp",
    "jp": "□ □ □ □"
  },
  {
    "en": "brevity",
    "jp": "□ □ □ □ □ □"
  },
  {
    "en": "fit in",
    "jp": "□ □ □ □ □ □"
  },
  {
    "en": "brunt",
    "jp": "□ □ □ □ になる □ □"
  },
  {
    "en": "ruminate",
    "jp": "□ □ □ □ □ □"
  },
  {
    "en": "convalescence",
    "jp": "□ □ □ □ □ □"
  },
  {
    "en": "insecticide",
    "jp": "□ □ くり返し思い出すこと □ □ 記憶定着|QRコード|すぐ確認"
  },
  {
    "en": "physiology",
    "jp": "□ □ □ □"
  },
  {
    "en": "cubicle",
    "jp": "□ □ 聞き流して覚える □ □"
  },
  {
    "en": "acne",
    "jp": "□ □ □ □"
  },
  {
    "en": "carnage",
    "jp": "□ □ □ □ □ □"
  },
  {
    "en": "naught",
    "jp": "□ □ □ □ □ □"
  },
  {
    "en": "haphazard",
    "jp": "□ □ □ □ □ □"
  },
  {
    "en": "calamity",
    "jp": "□"
  },
  {
    "en": "colitis",
    "jp": "□"
  },
  {
    "en": "reproach A for B",
    "jp": "□"
  },
  {
    "en": "buttocks",
    "jp": "□ □ □ □ □ □"
  },
  {
    "en": "reiterate",
    "jp": "□ □ □ □ □ □"
  },
  {
    "en": "cadre",
    "jp": "□ □ くり返し思い出すこと □ □ 記憶定着|QRコード|すぐ確認"
  },
  {
    "en": "just as well",
    "jp": "□ □ □ □"
  },
  {
    "en": "in the midst of",
    "jp": "□ □ □ □"
  },
  {
    "en": "insomnia",
    "jp": "□ B □ □ □ 「英語漬け」で検索!"
  },
  {
    "en": "confetti",
    "jp": "□ □ □ □ □ □"
  },
  {
    "en": "debit",
    "jp": "□ □ □ □ □ □"
  },
  {
    "en": "slip A",
    "jp": "□ □ □ □ □ □"
  },
  {
    "en": "altercation",
    "jp": "□ □ □ □ □ □"
  },
  {
    "en": "decorum",
    "jp": "□ □ □ □"
  },
  {
    "en": "gaunt",
    "jp": "□ □ □ □"
  },
  {
    "en": "be destitute of",
    "jp": "□ □ □ □"
  },
  {
    "en": "hegemony",
    "jp": "□ □ □ □ □ □"
  },
  {
    "en": "subjugate",
    "jp": "□ □ □ □ □ □"
  },
  {
    "en": "biceps",
    "jp": "□ □ pieces □ □ □ □"
  },
  {
    "en": "iniquity",
    "jp": "□ consideration □ □ □ □ □"
  },
  {
    "en": "ransack",
    "jp": "□ □ □ □ □ □"
  },
  {
    "en": "with open arms",
    "jp": "□ □ □ □ □ □"
  },
  {
    "en": "in dispute",
    "jp": "□ □ □ □"
  },
  {
    "en": "recrimination",
    "jp": "□ □ □ □"
  },
  {
    "en": "encryption",
    "jp": "□ □ 聞き流して覚える □ □"
  },
  {
    "en": "genotype",
    "jp": "□ □ □ □"
  },
  {
    "en": "on the subject of",
    "jp": "□ □ □ □ ©英語漬け.com(えいぷら)2023"
  },
  {
    "en": "ratification",
    "jp": "□ □ □ □ □ □"
  },
  {
    "en": "fade away",
    "jp": "□ □ □ □ □ □"
  },
  {
    "en": "gain on",
    "jp": "□ □ □ □ □ □"
  },
  {
    "en": "mischief",
    "jp": "□ □ □ □ □ □"
  },
  {
    "en": "in doubt",
    "jp": "□ □ □ □ □ □"
  },
  {
    "en": "whimper",
    "jp": "□ □ くり返し思い出すこと □ □ 記憶定着|QRコード|すぐ確認"
  },
  {
    "en": "in a million",
    "jp": "□ □ □ □"
  },
  {
    "en": "pass through",
    "jp": "□ □ 聞き流して覚える □ □"
  },
  {
    "en": "make for",
    "jp": "□ □ □ に □"
  },
  {
    "en": "be devoid of",
    "jp": "□ □ る □ □ ©英語漬け.com(えいぷら)2023"
  },
  {
    "en": "dung",
    "jp": "□ □ □ □ □ □"
  },
  {
    "en": "orator",
    "jp": "□ □ □ □ □ □"
  },
  {
    "en": "resurgence",
    "jp": "□ □ □ □ □ □"
  },
  {
    "en": "forfeit",
    "jp": "□ □ □ □ □ □"
  },
  {
    "en": "work off",
    "jp": "□ □ □ □"
  },
  {
    "en": "aviary",
    "jp": "□ □ □ □"
  },
  {
    "en": "crevice",
    "jp": "□ □ □ □"
  },
  {
    "en": "break into tears",
    "jp": "□ □ □ □"
  },
  {
    "en": "wrest",
    "jp": "□ □ □ □"
  },
  {
    "en": "out of order",
    "jp": "□ □ □ □ □ □"
  },
  {
    "en": "and the like",
    "jp": "□ □ □ □ □ □"
  },
  {
    "en": "weed out",
    "jp": "□ □ □ □ □ □"
  },
  {
    "en": "municipality",
    "jp": "□ day □ □ □ □ □"
  },
  {
    "en": "hang over",
    "jp": "□ □ □ □ □ □"
  },
  {
    "en": "bile",
    "jp": "□ □ くり返し思い出すこと □ □ 記憶定着|QRコード|すぐ確認"
  },
  {
    "en": "classify A into B",
    "jp": "□ □ □ □"
  },
  {
    "en": "brute",
    "jp": "□ □ 聞き流して覚える □ □"
  },
  {
    "en": "conservatory",
    "jp": "□ □ □ □"
  },
  {
    "en": "eat away",
    "jp": "□ □ □ □ ©英語漬け.com(えいぷら)2023"
  },
  {
    "en": "keep down",
    "jp": "□ □ □ さずにいる □ □ □"
  },
  {
    "en": "squirm",
    "jp": "□ □ □ □ □ □"
  },
  {
    "en": "delineation",
    "jp": "□ □ □ □ □ □"
  },
  {
    "en": "have a clue",
    "jp": "□ □ □ □ る □ □"
  },
  {
    "en": "avarice",
    "jp": "□ □ □ □ □ □"
  },
  {
    "en": "strip A of B",
    "jp": "□ □ くり返し思い出すこと □ □ 記憶定着|QRコード|すぐ確認"
  },
  {
    "en": "recoil",
    "jp": "□ □ □ □"
  },
  {
    "en": "embroidery",
    "jp": "□ □ 聞き流して覚える □ □"
  },
  {
    "en": "in diameter",
    "jp": "□ □ □ □"
  },
  {
    "en": "poke fun at",
    "jp": "□ □ □ □ ©英語漬け.com(えいぷら)2023"
  },
  {
    "en": "matron",
    "jp": "□ □ □ □ □ □"
  },
  {
    "en": "caricature",
    "jp": "□ □ □ □ □ □"
  },
  {
    "en": "cataract",
    "jp": "□ □ □ □ □ □"
  },
  {
    "en": "seethe",
    "jp": "□ □ □ □ □ □"
  },
  {
    "en": "armistice",
    "jp": "□ □ □ □"
  },
  {
    "en": "set forth",
    "jp": "□ □ □ □"
  },
  {
    "en": "cryptic",
    "jp": "□ □ □ □"
  },
  {
    "en": "insipid",
    "jp": "□ □ □ □"
  },
  {
    "en": "sleep over",
    "jp": "□ □ □ □"
  },
  {
    "en": "asunder",
    "jp": "□ □ □ □ □ □"
  },
  {
    "en": "specious",
    "jp": "□ □ □ □ □ □"
  },
  {
    "en": "polemic",
    "jp": "□ □ □ □ □ □"
  },
  {
    "en": "furry",
    "jp": "□ □ □ □ □ □"
  },
  {
    "en": "buy off",
    "jp": "□ □ □ □ □ る □"
  },
  {
    "en": "condescending",
    "jp": "□ □ くり返し思い出すこと □ □ 記憶定着|QRコード|すぐ確認"
  },
  {
    "en": "copious",
    "jp": "□ B □ □ □"
  },
  {
    "en": "talk back to",
    "jp": "□ □ □ □"
  },
  {
    "en": "callous",
    "jp": "□ □ 聞き流して覚える □ □"
  },
  {
    "en": "rest on",
    "jp": "□ □ □ □"
  },
  {
    "en": "lucid",
    "jp": "□ □ □ □ □ □"
  },
  {
    "en": "pagan",
    "jp": "□ □ □ □ □ □"
  },
  {
    "en": "spore",
    "jp": "□ □ □ □ □ □"
  },
  {
    "en": "glaring",
    "jp": "□ □ □ □ □ □"
  },
  {
    "en": "intrusive",
    "jp": "□ □ □ □ □ □"
  },
  {
    "en": "acrid",
    "jp": "□ □ くり返し思い出すこと □ □ 記憶定着|QRコード|すぐ確認"
  },
  {
    "en": "build out",
    "jp": "□ □ □ □"
  },
  {
    "en": "egregious",
    "jp": "□ □ 聞き流して覚える □ □"
  },
  {
    "en": "peevish",
    "jp": "□ □ □ □"
  },
  {
    "en": "fastidious",
    "jp": "□ vengeance □ □ □"
  },
  {
    "en": "dingy",
    "jp": "□ □ □ □ □ □"
  },
  {
    "en": "zero in on",
    "jp": "□ □ □ □ □ □"
  },
  {
    "en": "shard",
    "jp": "□ □ □ □ □ □"
  },
  {
    "en": "sprite",
    "jp": "□ □ □ □ □ □"
  },
  {
    "en": "bite on",
    "jp": "□ □ つく □ □"
  },
  {
    "en": "noxious",
    "jp": "□ □ □ ある □"
  },
  {
    "en": "tort",
    "jp": "□ □ □ □"
  },
  {
    "en": "smack",
    "jp": "□ □ □ □"
  },
  {
    "en": "facetious",
    "jp": "□ □ □ □"
  },
  {
    "en": "somber",
    "jp": "□ □ □ □ □ □"
  },
  {
    "en": "quarrel with",
    "jp": "□ □ □ □ □ □"
  },
  {
    "en": "pensive",
    "jp": "□ □ □ □ □ □"
  },
  {
    "en": "spurious",
    "jp": "□ □ □ □ □ □"
  },
  {
    "en": "sediment",
    "jp": "□ □ □ □ □ □"
  },
  {
    "en": "ancillary",
    "jp": "□ □ くり返し思い出すこと □ □ 記憶定着|QRコード|すぐ確認"
  },
  {
    "en": "sonic",
    "jp": "□ □ □ □"
  },
  {
    "en": "stenographer",
    "jp": "□ □ 聞き流して覚える □ □"
  },
  {
    "en": "hoarse",
    "jp": "□ □ □ □"
  },
  {
    "en": "opinionated",
    "jp": "□ □ □ □ ©英語漬け.com(えいぷら)2023"
  },
  {
    "en": "bashful",
    "jp": "□ □ □ □ □ □"
  },
  {
    "en": "spit it out",
    "jp": "□ □ □ う □ □ □"
  },
  {
    "en": "sluice",
    "jp": "□ □ □ □ □ □"
  },
  {
    "en": "hazy",
    "jp": "□ □ □ □ □ □"
  },
  {
    "en": "bear the brunt of",
    "jp": "□ □ る □ □"
  },
  {
    "en": "rise and fall",
    "jp": "□ □ □ □"
  },
  {
    "en": "be liable to",
    "jp": "□ □ □ □"
  },
  {
    "en": "sedate",
    "jp": "□ □ □ □"
  },
  {
    "en": "think much of",
    "jp": "□ □ □ □"
  },
  {
    "en": "ephemeral",
    "jp": "□ □ □ □ □ □"
  },
  {
    "en": "urn",
    "jp": "□ of □ □ □ □ く □"
  },
  {
    "en": "onerous",
    "jp": "□ □ □ □ □ □"
  },
  {
    "en": "oblique",
    "jp": "□ □ □ □ □ □"
  },
  {
    "en": "thesaurus",
    "jp": "□ □ □ □ □ □"
  },
  {
    "en": "schematic",
    "jp": "□ □ くり返し思い出すこと □ □ 記憶定着|QRコード|すぐ確認"
  },
  {
    "en": "syntax",
    "jp": "□ □ □ □"
  },
  {
    "en": "ease up",
    "jp": "□ □ □ □"
  },
  {
    "en": "sortie",
    "jp": "□ □ □ □"
  },
  {
    "en": "seedling",
    "jp": "□ □ □ □ □ □"
  },
  {
    "en": "in recognition of",
    "jp": "□ □ □ □ □ □"
  },
  {
    "en": "keep at",
    "jp": "□ □ □ □ □ □"
  },
  {
    "en": "lethargic",
    "jp": "□ □ □ □ □ □"
  },
  {
    "en": "thoroughfare",
    "jp": "□ □ □ □"
  },
  {
    "en": "typhoid",
    "jp": "□ □ くり返し思い出すこと □ □ 記憶定着|QRコード|すぐ確認"
  },
  {
    "en": "submit A to B",
    "jp": "□ □ □ □"
  },
  {
    "en": "stubble",
    "jp": "□ □ 聞き流して覚える □ □"
  },
  {
    "en": "demarcation",
    "jp": "□ □ □ □"
  },
  {
    "en": "lay in",
    "jp": "□ □ □ □ ©英語漬け.com(えいぷら)2023"
  },
  {
    "en": "embellish",
    "jp": "□ □ □ □ □ □"
  },
  {
    "en": "blunder",
    "jp": "□ □ □ □ する □ □"
  },
  {
    "en": "din",
    "jp": "□ □ □ □ □ □"
  },
  {
    "en": "go in for",
    "jp": "□ □ □ □ □ □"
  },
  {
    "en": "epilepsy",
    "jp": "□ □ presence □ □ □ □"
  },
  {
    "en": "be worthy to",
    "jp": "□ □ □ □"
  },
  {
    "en": "map out",
    "jp": "□ □ □ □"
  },
  {
    "en": "be keen to",
    "jp": "□ □ ている □ □"
  },
  {
    "en": "from A to Z",
    "jp": "□ □ □ □"
  },
  {
    "en": "wheedle",
    "jp": "□ □ thought □ □ □ □"
  },
  {
    "en": "implode",
    "jp": "□ □ □ □ □ □"
  },
  {
    "en": "foreclose",
    "jp": "□ □ □ □ □ □"
  },
  {
    "en": "avenger",
    "jp": "□ □ □ □ □ □"
  },
  {
    "en": "hide out",
    "jp": "□ □ □ □ □ □"
  },
  {
    "en": "on edge",
    "jp": "□ □ □ □"
  },
  {
    "en": "make a fuss",
    "jp": "□ □ □ □"
  },
  {
    "en": "strain",
    "jp": "□ □ □ □"
  },
  {
    "en": "postulate",
    "jp": "□ □ □ □"
  },
  {
    "en": "excruciate",
    "jp": "□ □ □ □"
  },
  {
    "en": "at no time",
    "jp": "□ □ □ □ □ □"
  },
  {
    "en": "originate in",
    "jp": "□ □ □ □ □ □"
  },
  {
    "en": "pretend to do",
    "jp": "□ □ □ □ □ □"
  },
  {
    "en": "audacity",
    "jp": "□ □ □ □ □ □"
  },
  {
    "en": "ellipse",
    "jp": "□ □ □ □ □ □"
  },
  {
    "en": "blatantly",
    "jp": "□ □ くり返し思い出すこと □ □ 記憶定着|QRコード|すぐ確認"
  },
  {
    "en": "blanch",
    "jp": "□ □ □ □"
  },
  {
    "en": "flip-flop",
    "jp": "□ □ 聞き流して覚える □ □"
  },
  {
    "en": "nullify",
    "jp": "□ □ □ □"
  },
  {
    "en": "thrifty",
    "jp": "□ □ □ □ ©英語漬け.com(えいぷら)2023"
  },
  {
    "en": "amputation",
    "jp": "□ □ □ □ □ □"
  },
  {
    "en": "vascular",
    "jp": "□ □ □ □ □ □"
  },
  {
    "en": "at face value",
    "jp": "□ □ □ □ □ □"
  },
  {
    "en": "prowl",
    "jp": "□ □ □ □ □ □"
  },
  {
    "en": "stick up for",
    "jp": "□ □ くり返し思い出すこと □ □ 記憶定着|QRコード|すぐ確認"
  },
  {
    "en": "emancipation",
    "jp": "□ □ □ □"
  },
  {
    "en": "down to earth",
    "jp": "□ □ 聞き流して覚える □ □"
  },
  {
    "en": "enumerate",
    "jp": "□ □ □ □"
  },
  {
    "en": "hang in",
    "jp": "□ □ □ □ □ □"
  },
  {
    "en": "build A into B",
    "jp": "□ □ □ □ □ □"
  },
  {
    "en": "be akin to",
    "jp": "□ □ □ □ □ □"
  },
  {
    "en": "stupendous",
    "jp": "□ □ □ □ □ □"
  },
  {
    "en": "in succession",
    "jp": "□ □ くり返し思い出すこと □ □ 記憶定着|QRコード|すぐ確認"
  },
  {
    "en": "detest",
    "jp": "□ □ □ □"
  },
  {
    "en": "consent to",
    "jp": "□ □ 聞き流して覚える □ □"
  },
  {
    "en": "gird",
    "jp": "□ □ □ □"
  },
  {
    "en": "aegis",
    "jp": "□ to □ □ □"
  },
  {
    "en": "at length",
    "jp": "□ □ □ □ □ □"
  },
  {
    "en": "equate A with B",
    "jp": "□ □ □ □ □ □"
  },
  {
    "en": "exchequer",
    "jp": "□ □ □ □ □ □"
  },
  {
    "en": "allele",
    "jp": "□"
  },
  {
    "en": "resonate",
    "jp": "□"
  },
  {
    "en": "allot",
    "jp": "□ □ □ □ □ □"
  },
  {
    "en": "nag",
    "jp": "□ □ □ □"
  },
  {
    "en": "get hold of",
    "jp": "□ □ □ □"
  },
  {
    "en": "imbue",
    "jp": "□ □ □ □"
  },
  {
    "en": "catch on with",
    "jp": "□ with □ 聞き流して覚える □ □"
  },
  {
    "en": "broach",
    "jp": "□ □ □ □"
  },
  {
    "en": "brook",
    "jp": "□ □ □ □ □ □"
  },
  {
    "en": "in abundance",
    "jp": "□ □ □ □ □ □"
  },
  {
    "en": "debunk",
    "jp": "□ □ □ □ □ □"
  },
  {
    "en": "be innocent of",
    "jp": "□ □ □ □ □ □"
  },
  {
    "en": "quaver",
    "jp": "□ □ □ □ □ □"
  },
  {
    "en": "barge in",
    "jp": "□ □ くり返し思い出すこと □ □ 記憶定着|QRコード|すぐ確認"
  },
  {
    "en": "pull up to",
    "jp": "□ □ □ □"
  },
  {
    "en": "canopy",
    "jp": "□ □ 聞き流して覚える □ □"
  },
  {
    "en": "keep abreast of",
    "jp": "□ □ いる □ □"
  },
  {
    "en": "pelt",
    "jp": "□ □ □ □ ©英語漬け.com(えいぷら)2023"
  },
  {
    "en": "gill",
    "jp": "□ □ □ □ □ □"
  },
  {
    "en": "ingest",
    "jp": "□ □ □ □ □ □"
  },
  {
    "en": "constellation",
    "jp": "□ □ □ □ □ □"
  },
  {
    "en": "heirloom",
    "jp": "□ □ □ □ □ □"
  },
  {
    "en": "on trial",
    "jp": "□ □ □ □ □ □"
  },
  {
    "en": "amnesia",
    "jp": "□ □ くり返し思い出すこと □ □ 記憶定着|QRコード|すぐ確認"
  },
  {
    "en": "chum",
    "jp": "□ □ □ □"
  },
  {
    "en": "be vulnerable to",
    "jp": "□ □ 聞き流して覚える □ □"
  },
  {
    "en": "oftentimes",
    "jp": "□ □ □ □"
  },
  {
    "en": "in a nutshell",
    "jp": "□ □ に言えば □ □ ©英語漬け.com(えいぷら)2023"
  },
  {
    "en": "up to speed",
    "jp": "□ □ □ □ □ □"
  },
  {
    "en": "heretic",
    "jp": "□ □ □ □ □ □"
  },
  {
    "en": "hypnosis",
    "jp": "□ □ □ □ □ □"
  },
  {
    "en": "derelict",
    "jp": "□ □ □ □ □ □"
  },
  {
    "en": "extrapolate",
    "jp": "□ □ くり返し思い出すこと □ □ 記憶定着|QRコード|すぐ確認"
  },
  {
    "en": "live through",
    "jp": "□ □ □ □"
  },
  {
    "en": "fortitude",
    "jp": "□ □ 聞き流して覚える □ て □"
  },
  {
    "en": "in conclusion",
    "jp": "□ □ □ □"
  },
  {
    "en": "out of the woods",
    "jp": "□ □ □ □ ©英語漬け.com(えいぷら)2023"
  },
  {
    "en": "rafter",
    "jp": "□ □ □ □ □ □"
  },
  {
    "en": "call down",
    "jp": "□ □ □ □ □ □"
  },
  {
    "en": "lay down",
    "jp": "□ □ □ □ □ □"
  },
  {
    "en": "bestow A on B",
    "jp": "□ □ □ □ □ □"
  },
  {
    "en": "the bottom line",
    "jp": "□ □ □ □"
  },
  {
    "en": "primacy",
    "jp": "□ □ □ □"
  },
  {
    "en": "valor",
    "jp": "□ □ □ □"
  },
  {
    "en": "shroud",
    "jp": "□ □ □ □"
  },
  {
    "en": "inscrutable",
    "jp": "□ □ □ □ ©英語漬け.com(えいぷら)2023"
  },
  {
    "en": "preponderance",
    "jp": "□ nowhere □ □ □ □ □"
  },
  {
    "en": "appalled",
    "jp": "□ □ □ □ □ □"
  },
  {
    "en": "nascent",
    "jp": "□ □ □ □ □ □"
  },
  {
    "en": "fall victim to",
    "jp": "□ □ □ □ □ □"
  },
  {
    "en": "sit back",
    "jp": "□ □ □ □"
  },
  {
    "en": "wind up",
    "jp": "□ □ □ □"
  },
  {
    "en": "filial",
    "jp": "□ □ □ □"
  },
  {
    "en": "trident",
    "jp": "□ □ □ □"
  },
  {
    "en": "laity",
    "jp": "□ □ □ □"
  },
  {
    "en": "overtly",
    "jp": "□ □ □ □ □ □"
  },
  {
    "en": "give of",
    "jp": "□ □ □ □ □ □"
  },
  {
    "en": "daft",
    "jp": "□ □ □ □ □ □"
  },
  {
    "en": "vigilante",
    "jp": "□ □ □ □ □ □"
  },
  {
    "en": "level out",
    "jp": "□ □ □ □ □ □"
  },
  {
    "en": "mint",
    "jp": "□ □ くり返し思い出すこと □ □ 記憶定着|QRコード|すぐ確認"
  },
  {
    "en": "take cover",
    "jp": "□ □ □ □"
  },
  {
    "en": "rabies",
    "jp": "□ □ □ □"
  },
  {
    "en": "at a standstill",
    "jp": "□ □ □ □"
  },
  {
    "en": "rejoinder",
    "jp": "□ □ □ □ て □ □"
  },
  {
    "en": "mayhem",
    "jp": "□ □ □ □ □ □"
  },
  {
    "en": "cordial",
    "jp": "□ □ □ □ □ □"
  },
  {
    "en": "memento",
    "jp": "□ □ □ □ □ □"
  },
  {
    "en": "reckoning",
    "jp": "□ □ □ □ □ □"
  },
  {
    "en": "quandary",
    "jp": "□ □ □ □"
  },
  {
    "en": "leaden",
    "jp": "□ □ □ □"
  },
  {
    "en": "as A as any",
    "jp": "□ □ □ □"
  },
  {
    "en": "daunting",
    "jp": "□ □ □ □"
  },
  {
    "en": "glacial",
    "jp": "□ □ □ □"
  },
  {
    "en": "posterior",
    "jp": "□ □ □ □ □ □"
  },
  {
    "en": "frugal",
    "jp": "□ □ □ □ □ □"
  },
  {
    "en": "mirth",
    "jp": "□ □ □ □ □ かわからない □"
  },
  {
    "en": "isotope",
    "jp": "□ □ □ □ □ □"
  },
  {
    "en": "incubation",
    "jp": "□ □ □ □"
  },
  {
    "en": "mockery",
    "jp": "□ □ 聞き流して覚える □ □"
  },
  {
    "en": "in substance",
    "jp": "□ □ □ □"
  },
  {
    "en": "paradigm",
    "jp": "□ □ □ □ ©英語漬け.com(えいぷら)2023"
  },
  {
    "en": "variegated",
    "jp": "□ □ □ □ □ □"
  },
  {
    "en": "to say the least",
    "jp": "□ □ □ □ □ □"
  },
  {
    "en": "keep an eye on",
    "jp": "□ □ □ □ □ □"
  },
  {
    "en": "sagacious",
    "jp": "□ □ □ □ □ □"
  },
  {
    "en": "struggle with",
    "jp": "□ □ □ □ □ □"
  },
  {
    "en": "impudent",
    "jp": "□ □ くり返し思い出すこと □ □ 記憶定着|QRコード|すぐ確認"
  },
  {
    "en": "negligent",
    "jp": "□ □ □ □"
  },
  {
    "en": "cough up",
    "jp": "□ □ 聞き流して覚える □ □"
  },
  {
    "en": "mercenary",
    "jp": "□ □ □ ている □"
  },
  {
    "en": "reparation",
    "jp": "□ □ □ □ □ □"
  },
  {
    "en": "precedence",
    "jp": "□ □ □ □ □ □"
  },
  {
    "en": "starch",
    "jp": "□ □ □ □ □ □"
  },
  {
    "en": "odds and ends",
    "jp": "□ □ □ □ □ □"
  },
  {
    "en": "polyglot",
    "jp": "□ □ □ □ □ □"
  },
  {
    "en": "stand to reason",
    "jp": "□ □ □ □"
  },
  {
    "en": "tide over",
    "jp": "□ □ □ □"
  },
  {
    "en": "schema",
    "jp": "□ □ □ □"
  },
  {
    "en": "down the drain",
    "jp": "□ □ て □ □"
  },
  {
    "en": "fussy",
    "jp": "□ □ □ □ ©英語漬け.com(えいぷら)2023"
  },
  {
    "en": "entrust A with B",
    "jp": "□ □ □ □ □ □"
  },
  {
    "en": "hail from",
    "jp": "□ □ eggshells □ □ □ をつける □"
  },
  {
    "en": "parochial",
    "jp": "□ □ □ □ □ □"
  },
  {
    "en": "spasm",
    "jp": "□ □ □ □ □ □"
  },
  {
    "en": "vehement",
    "jp": "□ □ □ □"
  },
  {
    "en": "periphery",
    "jp": "□ □ □ □"
  },
  {
    "en": "complacent",
    "jp": "□ □ □ らす □"
  },
  {
    "en": "nepotism",
    "jp": "□ □ □ □"
  },
  {
    "en": "in the concrete",
    "jp": "□ □ □ □ ©英語漬け.com(えいぷら)2023"
  },
  {
    "en": "banal",
    "jp": "□ □ □ □ □ □"
  },
  {
    "en": "nebulous",
    "jp": "□ □ □ □ □ □"
  },
  {
    "en": "skid",
    "jp": "□ □ □ □ □ □"
  },
  {
    "en": "tripod",
    "jp": "□ □ □ □ □ □"
  },
  {
    "en": "peddler",
    "jp": "□ □ □ □"
  },
  {
    "en": "yolk",
    "jp": "□ □ 聞き流して覚える □ □"
  },
  {
    "en": "assiduous",
    "jp": "□ □ □ □"
  },
  {
    "en": "widget",
    "jp": "□ □ □ □ ©英語漬け.com(えいぷら)2023"
  },
  {
    "en": "vindictive",
    "jp": "□ □ □ □ る人 □ □"
  },
  {
    "en": "rogue",
    "jp": "□ □ □ □ □ □"
  },
  {
    "en": "semen",
    "jp": "□ □ □ □ □ □"
  },
  {
    "en": "vacuous",
    "jp": "□ □ □ □ □ 変更する □"
  },
  {
    "en": "harangue",
    "jp": "□ □ □ □ □ □"
  },
  {
    "en": "zephyr",
    "jp": "□ □ くり返し思い出すこと □ いの □ 記憶定着|QRコード|すぐ確認"
  },
  {
    "en": "dogmatic",
    "jp": "□ □ □ □"
  },
  {
    "en": "sacrosanct",
    "jp": "□ □ □ □ ©英語漬け.com(えいぷら)2023"
  },
  {
    "en": "bellicose",
    "jp": "□ □ □ □ □ □"
  },
  {
    "en": "neophyte",
    "jp": "□ □ □ □ □ □"
  },
  {
    "en": "spill the beans",
    "jp": "□ □ □ □ □ □"
  },
  {
    "en": "vexation",
    "jp": "□ □ □ □ □ □"
  },
  {
    "en": "vacillate",
    "jp": "□ □ くり返し思い出すこと □ □ 記憶定着|QRコード|すぐ確認"
  },
  {
    "en": "zestful",
    "jp": "□ □ □ □"
  },
  {
    "en": "ardor",
    "jp": "□ □ □ □ ©英語漬け.com(えいぷら)2023"
  },
  {
    "en": "quash rumors",
    "jp": "□ □ □ □ □ □"
  },
  {
    "en": "augment",
    "jp": "□ □ □ □ □ □"
  },
  {
    "en": "zeppelin",
    "jp": "□ □ □ □ □ □"
  },
  {
    "en": "serrated",
    "jp": "□ □ □ □ □ □"
  },
  {
    "en": "cacophony",
    "jp": "□ □ くり返し思い出すこと □ □ 記憶定着|QRコード|すぐ確認"
  },
  {
    "en": "fallible",
    "jp": "□ □ □ □"
  },
  {
    "en": "hedonistic",
    "jp": "□ □ 聞き流して覚える □ □"
  },
  {
    "en": "laconic",
    "jp": "□ □ □ □"
  },
  {
    "en": "parsimonious",
    "jp": "□ arm □ □ □ 「英語漬け」で検索!"
  },
  {
    "en": "unctuous",
    "jp": "□ □ □ □ □ □"
  },
  {
    "en": "aberrant",
    "jp": "□ □ □ □ □ □"
  },
  {
    "en": "exasperate",
    "jp": "□ □ □ □ □ □"
  },
  {
    "en": "histrionic",
    "jp": "□ □ □ □ □ □"
  },
  {
    "en": "kindle",
    "jp": "□ □ □ □ □ □"
  },
  {
    "en": "fend off",
    "jp": "□ □ くり返し思い出すこと □ □ 記憶定着|QRコード|すぐ確認"
  },
  {
    "en": "diaphanous",
    "jp": "□ □ □ □"
  },
  {
    "en": "immutable",
    "jp": "□ □ 聞き流して覚える □ □"
  },
  {
    "en": "palpitate",
    "jp": "□ □ □ □"
  },
  {
    "en": "vainglorious",
    "jp": "□ □ い □ □ ©英語漬け.com(えいぷら)2023"
  },
  {
    "en": "hit the hay",
    "jp": "□ □ □ □ □ □"
  },
  {
    "en": "jejune",
    "jp": "□ □ □ □ □ □"
  },
  {
    "en": "rapacious",
    "jp": "□ □ □ □ □ □"
  },
  {
    "en": "bereft",
    "jp": "□ □ □ □ □ □"
  },
  {
    "en": "grotesque",
    "jp": "□ □ くり返し思い出すこと □ □ 記憶定着|QRコード|すぐ確認"
  },
  {
    "en": "xenolith",
    "jp": "□ □ □ □"
  },
  {
    "en": "voracious",
    "jp": "□ □ □ □"
  }
]