[
  {
    "en": "look up",
    "jp": "□ □ □ □ □ □"
  },
  {
    "en": "at first",
    "jp": "□ □ □ □ □ □"
  },
  {
    "en": "nowadays",
    "jp": "□ □ □ □ □ □"
  },
  {
    "en": "drop by",
    "jp": "□ □ □ □ □ □"
  },
  {
    "en": "traditional",
    "jp": "□ □ □ □ □ □"
  },
  {
    "en": "however",
    "jp": "□ □ も □ □"
  },
  {
    "en": "collect",
    "jp": "□ □ こと □ □"
  },
  {
    "en": "clothing",
    "jp": "□ □ □ □"
  },
  {
    "en": "disappoint",
    "jp": "□ □ □ □"
  },
  {
    "en": "instead",
    "jp": "□ □ □ □"
  },
  {
    "en": "originally",
    "jp": "□ □ □ □"
  },
  {
    "en": "hurt",
    "jp": "□ □ □ □ □ □"
  },
  {
    "en": "fail",
    "jp": "□ □ □ □ □ □"
  },
  {
    "en": "recently",
    "jp": "□ □ □ □ □ □"
  },
  {
    "en": "traffic",
    "jp": "□ □ □ □ □ □"
  },
  {
    "en": "reduce",
    "jp": "□ □ □ □ □ □"
  },
  {
    "en": "activity",
    "jp": "□ □ くり返し □ □ 記憶定着|QRコード|すぐ確認"
  },
  {
    "en": "prefer",
    "jp": "□ □ □ □"
  },
  {
    "en": "although",
    "jp": "□ □ □ □"
  },
  {
    "en": "condition",
    "jp": "□ □ □ □"
  },
  {
    "en": "in particular",
    "jp": "□ □ □ □ □ □"
  },
  {
    "en": "in addition",
    "jp": "□ □ □ □ □ □"
  },
  {
    "en": "even though",
    "jp": "□ □ □ □ □ □"
  },
  {
    "en": "and so on",
    "jp": "□ □ □ □ □ □"
  },
  {
    "en": "do me a favor",
    "jp": "□ □ □ □ □ □"
  },
  {
    "en": "in spite of",
    "jp": "□ □ くり返し □ □ 記憶定着|QRコード|すぐ確認"
  },
  {
    "en": "on the way to",
    "jp": "□ □ □ □"
  },
  {
    "en": "rely on",
    "jp": "□ □ □ □"
  },
  {
    "en": "so far",
    "jp": "□ □ □ □"
  },
  {
    "en": "bite",
    "jp": "□ □ □ □ □ □"
  },
  {
    "en": "rather",
    "jp": "□ □ □ □ □ □"
  },
  {
    "en": "spend",
    "jp": "□ □ □ □ □ □"
  },
  {
    "en": "discovery",
    "jp": "□ □ □ □ □ □"
  },
  {
    "en": "degree",
    "jp": "□ □ □ □ □ □"
  },
  {
    "en": "explain",
    "jp": "□ □ くり返し □ □ 記憶定着|QRコード|すぐ確認"
  },
  {
    "en": "tax",
    "jp": "□ □ □ □"
  },
  {
    "en": "demonstrate",
    "jp": "□ □ □ □"
  },
  {
    "en": "formal",
    "jp": "□ □ □ □"
  },
  {
    "en": "accomplish",
    "jp": "□ □ □ □ □ □"
  },
  {
    "en": "complain",
    "jp": "□ □ □ □ □ □"
  },
  {
    "en": "responsible",
    "jp": "□ □ □ □ □ □"
  },
  {
    "en": "look down on",
    "jp": "□ □ □ □ □ □"
  },
  {
    "en": "instead of",
    "jp": "□ □ □ □ □ □"
  },
  {
    "en": "vision",
    "jp": "□ □ くり返し □ □ 記憶定着|QRコード|すぐ確認"
  },
  {
    "en": "occur",
    "jp": "□ □ □ □"
  },
  {
    "en": "solution",
    "jp": "□ □ □ □"
  },
  {
    "en": "elect",
    "jp": "□ □ □ □"
  },
  {
    "en": "client",
    "jp": "□ □ □ □ □ □"
  },
  {
    "en": "steel",
    "jp": "□ □ □ □ □ □"
  },
  {
    "en": "nevertheless",
    "jp": "□ □ □ □ □ □"
  },
  {
    "en": "prevent",
    "jp": "□ □ □ □ □ □"
  },
  {
    "en": "effect",
    "jp": "□ □ □ □ □ □"
  },
  {
    "en": "accuse",
    "jp": "□ □ くり返し □ □ 記憶定着|QRコード|すぐ確認"
  },
  {
    "en": "so-called",
    "jp": "□ □ □ □"
  },
  {
    "en": "according to",
    "jp": "□ □ □ □"
  },
  {
    "en": "essay",
    "jp": "□ □ □ □"
  },
  {
    "en": "role",
    "jp": "□ □ □ □ □ □"
  },
  {
    "en": "recent",
    "jp": "□ □ □ □ □ □"
  },
  {
    "en": "distinguish",
    "jp": "□ □ □ □ □ □"
  },
  {
    "en": "upset",
    "jp": "□ □ □ 返す □ □ □"
  },
  {
    "en": "disturb",
    "jp": "□"
  },
  {
    "en": "annoy",
    "jp": "□"
  },
  {
    "en": "asset",
    "jp": "□"
  },
  {
    "en": "invest",
    "jp": "□ □ □ □ □ □"
  },
  {
    "en": "wildlife",
    "jp": "□ □ くり返し □ □ 記憶定着|QRコード|すぐ確認"
  },
  {
    "en": "entertain",
    "jp": "□ □ □ □"
  },
  {
    "en": "inquiry",
    "jp": "□ □ □ □"
  },
  {
    "en": "bind",
    "jp": "□ □ □ □"
  },
  {
    "en": "occupation",
    "jp": "□ □ □ □ □ □"
  },
  {
    "en": "significance",
    "jp": "□ □ □ □ □ □"
  },
  {
    "en": "failure",
    "jp": "□ □ □ □ □ □"
  },
  {
    "en": "disease",
    "jp": "□ □ □ □ □ □"
  },
  {
    "en": "strategy",
    "jp": "□ □ □ □ □ □"
  },
  {
    "en": "definitely",
    "jp": "□ □ くり返し □ □ 記憶定着|QRコード|すぐ確認"
  },
  {
    "en": "ordinary",
    "jp": "□"
  },
  {
    "en": "worth",
    "jp": "□"
  },
  {
    "en": "isolate",
    "jp": "□ □ □ □"
  },
  {
    "en": "progress",
    "jp": "□ □ □ □"
  },
  {
    "en": "compete",
    "jp": "□ □ □ □"
  },
  {
    "en": "population",
    "jp": "□ □ □ □ □ □"
  },
  {
    "en": "agree",
    "jp": "□ □ □ □ □ □"
  },
  {
    "en": "analysis",
    "jp": "□ □ □ □ □ □"
  },
  {
    "en": "extreme",
    "jp": "□ □ □ □ □ □"
  },
  {
    "en": "source",
    "jp": "□ □ □ □ □ □"
  },
  {
    "en": "headline",
    "jp": "□ □ くり返し □ う □ 記憶定着|QRコード|すぐ確認"
  },
  {
    "en": "sign",
    "jp": "□ □ □ □"
  },
  {
    "en": "controversial",
    "jp": "□ □ □ □"
  },
  {
    "en": "surround",
    "jp": "□ □ □ □"
  },
  {
    "en": "drift",
    "jp": "□ □ □ □ □ □"
  },
  {
    "en": "priority",
    "jp": "□ □ □ □ □ □"
  },
  {
    "en": "viewer",
    "jp": "□ □ □ □ □ □"
  },
  {
    "en": "distant",
    "jp": "□ □ □ □ □ □"
  },
  {
    "en": "anxious",
    "jp": "□ □ □ □ □ □"
  },
  {
    "en": "significant",
    "jp": "□ □ くり返し □ □ 記憶定着|QRコード|すぐ確認"
  },
  {
    "en": "pick up",
    "jp": "□ □ □ □"
  },
  {
    "en": "appear",
    "jp": "□ □ □ □"
  },
  {
    "en": "virus",
    "jp": "□ □ □ □"
  },
  {
    "en": "desire",
    "jp": "□ □ □ □ □ □"
  },
  {
    "en": "respond",
    "jp": "□ □ □ □ □ □"
  },
  {
    "en": "minister",
    "jp": "□ □ □ □ □ □"
  },
  {
    "en": "chairman",
    "jp": "□ □ □ □ □ □"
  },
  {
    "en": "lap",
    "jp": "□ □ □ □ □ □"
  },
  {
    "en": "current",
    "jp": "□ □ くり返し □ □ 記憶定着|QRコード|すぐ確認"
  },
  {
    "en": "ceiling",
    "jp": "□ □ □ □"
  },
  {
    "en": "suicide",
    "jp": "□ □ □ □"
  },
  {
    "en": "potential",
    "jp": "□ □ □ □"
  },
  {
    "en": "phase",
    "jp": "□ □ □ □ □ □"
  },
  {
    "en": "shooting",
    "jp": "□ □ □ □ □ □"
  },
  {
    "en": "medium",
    "jp": "□ □ □ □ □ □"
  },
  {
    "en": "jury",
    "jp": "□ □ □ □ □ □"
  },
  {
    "en": "die",
    "jp": "□ □ □ □ □ □"
  },
  {
    "en": "mainly",
    "jp": "□ □ くり返し □ □ 記憶定着|QRコード|すぐ確認"
  },
  {
    "en": "exist",
    "jp": "□ □ □ □"
  },
  {
    "en": "occasion",
    "jp": "□ □ □ □"
  },
  {
    "en": "virtually",
    "jp": "□ □ □ □"
  },
  {
    "en": "withdraw",
    "jp": "□"
  },
  {
    "en": "task",
    "jp": "□ 聞いて、読んで、解こう"
  },
  {
    "en": "chest",
    "jp": "□ □ □ □ □ □"
  },
  {
    "en": "creature",
    "jp": "□ □ □ □ □ る □"
  },
  {
    "en": "swear",
    "jp": "□ □ □ □ □ □"
  },
  {
    "en": "attractive",
    "jp": "□ □ □ □ 取っ手 □ □"
  },
  {
    "en": "prisoner",
    "jp": "□ □ □ □ □ □"
  },
  {
    "en": "therefore",
    "jp": "□ □ くり返し □ □ 記憶定着|QRコード|すぐ確認"
  },
  {
    "en": "present",
    "jp": "□ □ □ □"
  },
  {
    "en": "dull",
    "jp": "□ □ □ □"
  },
  {
    "en": "advice",
    "jp": "□ □ □ □"
  },
  {
    "en": "landscape",
    "jp": "□ □ □ □ □ □"
  },
  {
    "en": "occasionally",
    "jp": "□ □ □ □ □ □"
  },
  {
    "en": "wipe",
    "jp": "□ □ □ □ □ □"
  },
  {
    "en": "affair",
    "jp": "□ □ □ □ □ る □"
  },
  {
    "en": "award",
    "jp": "□ □ □ □ □ □"
  },
  {
    "en": "respect",
    "jp": "□ □ くり返し □ □ 記憶定着|QRコード|すぐ確認"
  },
  {
    "en": "eventually",
    "jp": "□ □ □ □"
  },
  {
    "en": "reach",
    "jp": "□ □ □ □"
  },
  {
    "en": "commercial",
    "jp": "□ □ □ □"
  },
  {
    "en": "establishment",
    "jp": "□ □ □ □ □ □"
  },
  {
    "en": "economic",
    "jp": "□ □ □ □ □ □"
  },
  {
    "en": "convey",
    "jp": "□ □ □ □ □ □"
  },
  {
    "en": "attorney",
    "jp": "□ □ □ □ □ □"
  },
  {
    "en": "circumstance",
    "jp": "□ □ □ □ □ □"
  },
  {
    "en": "craft",
    "jp": "□ □ くり返し □ □ 記憶定着|QRコード|すぐ確認"
  },
  {
    "en": "reject",
    "jp": "□ □ □ □"
  },
  {
    "en": "admission",
    "jp": "□ □ □ □"
  },
  {
    "en": "bishop",
    "jp": "□ □ □ □"
  },
  {
    "en": "rush",
    "jp": "□ □ □ □ □ □"
  },
  {
    "en": "identity",
    "jp": "□ □ □ □ □ □"
  },
  {
    "en": "match",
    "jp": "□ □ □ □ □ □"
  },
  {
    "en": "cooperation",
    "jp": "□ □ □ □ □ □"
  },
  {
    "en": "detect",
    "jp": "□ □ □ □ □ □"
  },
  {
    "en": "retirement",
    "jp": "□ □ くり返し □ □ 記憶定着|QRコード|すぐ確認"
  },
  {
    "en": "reply",
    "jp": "□ □ □ □"
  },
  {
    "en": "export",
    "jp": "□ □ □ □"
  },
  {
    "en": "pension",
    "jp": "□ □ □ □"
  },
  {
    "en": "slip",
    "jp": "□ □ □ □ □ □"
  },
  {
    "en": "totally",
    "jp": "□ □ □ □ □ □"
  },
  {
    "en": "represent",
    "jp": "□ □ □ □ □ □"
  },
  {
    "en": "employ",
    "jp": "□ □ □ □ □ □"
  },
  {
    "en": "context",
    "jp": "□ □ □ □ □ □"
  },
  {
    "en": "charge",
    "jp": "□ □ くり返し する □ □ 記憶定着|QRコード|すぐ確認"
  },
  {
    "en": "aid",
    "jp": "□ □ □ □"
  },
  {
    "en": "scientific",
    "jp": "□ □ □ □"
  },
  {
    "en": "dislike",
    "jp": "□ □ □ □"
  },
  {
    "en": "employer",
    "jp": "□ □ □ □ □ □"
  },
  {
    "en": "equipment",
    "jp": "□ □ □ □ □ □"
  },
  {
    "en": "addition",
    "jp": "□ □ □ □ □ □"
  },
  {
    "en": "opinion",
    "jp": "□ □ □ □ □ □"
  },
  {
    "en": "male",
    "jp": "□ □ □ □ □ □"
  },
  {
    "en": "latter",
    "jp": "□ □ くり返し □ □ 記憶定着|QRコード|すぐ確認"
  },
  {
    "en": "appearance",
    "jp": "□ □ □ □"
  },
  {
    "en": "chapter",
    "jp": "□ □ □ □"
  },
  {
    "en": "settle",
    "jp": "□ □ □ □"
  },
  {
    "en": "finance",
    "jp": "□ □ □ □ □ □"
  },
  {
    "en": "intelligently",
    "jp": "□ □ □ □ □ □"
  },
  {
    "en": "operate",
    "jp": "□ □ □ □ □ □"
  },
  {
    "en": "resistance",
    "jp": "□ □ □ □ □ □"
  },
  {
    "en": "corridor",
    "jp": "□ □ □ □ □ □"
  },
  {
    "en": "educate",
    "jp": "□ □ くり返し □ □ 記憶定着|QRコード|すぐ確認"
  },
  {
    "en": "clerk",
    "jp": "□ □ □ □"
  },
  {
    "en": "concentrate",
    "jp": "□ □ □ 入れる □"
  },
  {
    "en": "extraordinary",
    "jp": "□ □ □ □"
  },
  {
    "en": "arms",
    "jp": "□ □ □ □ □ □"
  },
  {
    "en": "public",
    "jp": "□ □ □ □ □ □"
  },
  {
    "en": "remove",
    "jp": "□ □ □ □ □ □"
  },
  {
    "en": "neighborhood",
    "jp": "□ □ □ □ □ □"
  },
  {
    "en": "council",
    "jp": "□ □ □ □ □ □"
  },
  {
    "en": "participate",
    "jp": "□ □ くり返し □ □ 記憶定着|QRコード|すぐ確認"
  },
  {
    "en": "accurate",
    "jp": "□ □ □ □"
  },
  {
    "en": "strange",
    "jp": "□ □ □ □"
  },
  {
    "en": "organization",
    "jp": "□ □ □ □"
  },
  {
    "en": "joy",
    "jp": "□ □ □ □ □ □"
  },
  {
    "en": "actually",
    "jp": "□ □ □ □ □ □"
  },
  {
    "en": "variation",
    "jp": "□ □ □ □ □ □"
  },
  {
    "en": "poverty",
    "jp": "□ □ □ □ □ □"
  },
  {
    "en": "substance",
    "jp": "□ □ □ □ □ □"
  },
  {
    "en": "awake",
    "jp": "□ □ くり返し □ □ 記憶定着|QRコード|すぐ確認"
  },
  {
    "en": "battery",
    "jp": "□ □ □ □"
  },
  {
    "en": "fault",
    "jp": "□ □ □ □"
  },
  {
    "en": "stranger",
    "jp": "□ □ □ □"
  },
  {
    "en": "humanity",
    "jp": "□ □ □ □ □ □"
  },
  {
    "en": "possess",
    "jp": "□ □ □ □ □ □"
  },
  {
    "en": "frequently",
    "jp": "□ □ □ □ □ □"
  },
  {
    "en": "operator",
    "jp": "□ □ □ □ □ □"
  },
  {
    "en": "interpretation",
    "jp": "□ □ □ □ □ □"
  },
  {
    "en": "whole",
    "jp": "□ □ くり返し □ □ 記憶定着|QRコード|すぐ確認"
  },
  {
    "en": "summit",
    "jp": "□ □ □ □"
  },
  {
    "en": "typically",
    "jp": "□ □ □ □"
  },
  {
    "en": "literature",
    "jp": "□ □ □ □"
  },
  {
    "en": "examination",
    "jp": "□ □ □ □ □ □"
  },
  {
    "en": "strongly",
    "jp": "□ □ □ □ □ □"
  },
  {
    "en": "ability",
    "jp": "□ □ □ □ □ □"
  },
  {
    "en": "exclude",
    "jp": "□ □ □ □ □ □"
  },
  {
    "en": "share",
    "jp": "□ □ □ □ □ □"
  },
  {
    "en": "discussion",
    "jp": "□ □ くり返し □ □ 記憶定着|QRコード|すぐ確認"
  },
  {
    "en": "enormous",
    "jp": "□ □ □ □"
  },
  {
    "en": "effective",
    "jp": "□ □ □ □"
  },
  {
    "en": "basis",
    "jp": "□ □ □ □"
  },
  {
    "en": "laboratory",
    "jp": "□ □ □ □ □ □"
  },
  {
    "en": "shortly",
    "jp": "□ □ □ □ □ □"
  },
  {
    "en": "surely",
    "jp": "□ □ □ □ □ □"
  },
  {
    "en": "entire",
    "jp": "□ □ □ □ □ □"
  },
  {
    "en": "wonder",
    "jp": "□ □ □ □ □ □"
  },
  {
    "en": "mere",
    "jp": "□ □ くり返し □ □ 記憶定着|QRコード|すぐ確認"
  },
  {
    "en": "terror",
    "jp": "□ □ □ □"
  },
  {
    "en": "necessary",
    "jp": "□ □ □ □"
  },
  {
    "en": "favor",
    "jp": "□ □ □ □"
  },
  {
    "en": "frighten",
    "jp": "□ □ □ □"
  },
  {
    "en": "mortgage",
    "jp": "□ □"
  },
  {
    "en": "stroke",
    "jp": "□ □"
  },
  {
    "en": "explore",
    "jp": "□ □"
  },
  {
    "en": "freeze",
    "jp": "□ □"
  },
  {
    "en": "pretty",
    "jp": "□ くり返し □ 記憶定着|QRコード|すぐ確認"
  },
  {
    "en": "internal",
    "jp": "□ □"
  },
  {
    "en": "environmental",
    "jp": "□ □"
  },
  {
    "en": "amendment",
    "jp": "□ □"
  }
]